2026-09-19T19:06:36Z	swarm-agy-worker1	census-remainder-H585	dispatched	${SWARM_PERSIST_DIR}/harness-work/H585/BRIEF.md
2026-09-19T19:06:43Z	swarm-agy-worker2	census-remainder-H586	dispatched	${SWARM_PERSIST_DIR}/harness-work/H586/BRIEF.md
2026-09-19T19:06:50Z	swarm-agy-worker3	census-remainder-H587	dispatched	${SWARM_PERSIST_DIR}/harness-work/H587/BRIEF.md
2026-09-19T19:06:57Z	swarm-agy-worker4	census-remainder-H588	dispatched	${SWARM_PERSIST_DIR}/harness-work/H588/BRIEF.md
2026-09-19T19:07:05Z	swarm-agy-worker5	census-remainder-H589	dispatched	${SWARM_PERSIST_DIR}/harness-work/H589/BRIEF.md
2026-09-19T19:07:12Z	swarm-agy-worker6	census-remainder-H590	dispatched	${SWARM_PERSIST_DIR}/harness-work/H590/BRIEF.md
2026-09-19T19:07:19Z	swarm-agy-worker-swap	census-remainder-H591	dispatched	${SWARM_PERSIST_DIR}/harness-work/H591/BRIEF.md
2026-09-19T19:07:26Z	swarm-agy-worker-swap2	census-remainder-H592	dispatched	${SWARM_PERSIST_DIR}/harness-work/H592/BRIEF.md
2026-09-19T19:07:33Z	swarm-agy-review-lite1	census-remainder-H593	dispatched	${SWARM_PERSIST_DIR}/harness-work/H593/BRIEF.md
2026-09-19T19:07:40Z	swarm-agy-review-lite2	census-remainder-H594	dispatched	${SWARM_PERSIST_DIR}/harness-work/H594/BRIEF.md
2026-09-19T19:07:48Z	swarm-cx-worker-swap	census-remainder-H595	dispatched	${SWARM_PERSIST_DIR}/harness-work/H595/BRIEF.md
2026-09-19T19:07:55Z	swarm-agy-auditP-00	census-remainder-H596	dispatched	${SWARM_PERSIST_DIR}/harness-work/H596/BRIEF.md
2026-09-19T19:09:45Z	swarm-agy-worker7	census-remainder-H597	dispatched	${SWARM_PERSIST_DIR}/harness-work/H597/BRIEF.md
2026-09-19T19:09:52Z	swarm-agy-worker8	rd-b01-h301plus	dispatched	${SWARM_PERSIST_DIR}/harness-work/RD-B01/BRIEF.md
2026-09-19T19:09:59Z	swarm-agy-worker9	rd-b02-h301plus	dispatched	${SWARM_PERSIST_DIR}/harness-work/RD-B02/BRIEF.md
2026-09-19T19:10:06Z	swarm-agy-worker10	rd-b03-h301plus	dispatched	${SWARM_PERSIST_DIR}/harness-work/RD-B03/BRIEF.md
2026-09-19T19:10:14Z	swarm-agy-worker11	rd-b04-h301plus	dispatched	${SWARM_PERSIST_DIR}/harness-work/RD-B04/BRIEF.md
2026-09-19T19:10:21Z	swarm-agy-worker12	rd-b05-h301plus	dispatched	${SWARM_PERSIST_DIR}/harness-work/RD-B05/BRIEF.md
2026-09-19T19:10:28Z	swarm-agy-worker13	rd-b06-h301plus	dispatched	${SWARM_PERSIST_DIR}/harness-work/RD-B06/BRIEF.md
2026-09-19T19:10:35Z	swarm-agy-worker14	rd-b07-h301plus	dispatched	${SWARM_PERSIST_DIR}/harness-work/RD-B07/BRIEF.md
2026-09-19T19:26:01Z	swarm-agy-worker11	rd-b04-h301plus	done	${SWARM_PERSIST_DIR}/harness-work/RD-B04/BRIEF.md
2026-09-19T19:26:01Z	swarm-agy-worker9	rd-b02-h301plus	done	${SWARM_PERSIST_DIR}/harness-work/RD-B02/BRIEF.md
2026-09-19T19:26:01Z	swarm-agy-worker10	rd-b03-h301plus	done	${SWARM_PERSIST_DIR}/harness-work/RD-B03/BRIEF.md
2026-09-19T19:26:02Z	swarm-agy-worker8	rd-b01-h301plus	done	${SWARM_PERSIST_DIR}/harness-work/RD-B01/BRIEF.md
2026-09-19T19:26:02Z	swarm-agy-review-lite1	census-remainder-H593	done	${SWARM_PERSIST_DIR}/harness-work/H593/BRIEF.md
2026-09-19T19:26:02Z	swarm-agy-worker3	census-remainder-H587	done	${SWARM_PERSIST_DIR}/harness-work/H587/BRIEF.md
2026-09-19T19:26:02Z	swarm-agy-worker5	census-remainder-H589	done	${SWARM_PERSIST_DIR}/harness-work/H589/BRIEF.md
2026-09-19T19:26:02Z	swarm-cx-worker-swap	census-remainder-H595	done	${SWARM_PERSIST_DIR}/harness-work/H595/BRIEF.md
2026-09-19T19:26:02Z	swarm-agy-worker14	rd-b07-h301plus	done	${SWARM_PERSIST_DIR}/harness-work/RD-B07/BRIEF.md
2026-09-19T19:26:02Z	swarm-agy-worker-swap	census-remainder-H591	aborted	${SWARM_PERSIST_DIR}/harness-work/H591/BRIEF.md
2026-09-19T19:26:02Z	swarm-agy-worker4	census-remainder-H588	done	${SWARM_PERSIST_DIR}/harness-work/H588/BRIEF.md
2026-09-19T19:26:02Z	swarm-agy-auditP-00	census-remainder-H596	aborted	${SWARM_PERSIST_DIR}/harness-work/H596/BRIEF.md
2026-09-19T19:26:03Z	swarm-agy-worker12	rd-b05-h301plus	aborted	${SWARM_PERSIST_DIR}/harness-work/RD-B05/BRIEF.md
2026-09-19T19:26:03Z	swarm-agy-worker6	census-remainder-H590	done	${SWARM_PERSIST_DIR}/harness-work/H590/BRIEF.md
2026-09-19T19:26:03Z	swarm-agy-worker7	census-remainder-H597	done	${SWARM_PERSIST_DIR}/harness-work/H597/BRIEF.md
2026-09-19T19:26:03Z	swarm-agy-worker-swap2	census-remainder-H592	done	${SWARM_PERSIST_DIR}/harness-work/H592/BRIEF.md
2026-09-19T19:26:03Z	swarm-agy-worker13	rd-b06-h301plus	aborted	${SWARM_PERSIST_DIR}/harness-work/RD-B06/BRIEF.md
2026-09-19T19:26:03Z	swarm-agy-worker1	census-remainder-H585	aborted	${SWARM_PERSIST_DIR}/harness-work/H585/BRIEF.md
2026-09-19T19:26:03Z	swarm-agy-review-lite2	census-remainder-H594	done	${SWARM_PERSIST_DIR}/harness-work/H594/BRIEF.md
2026-09-19T19:26:03Z	swarm-agy-worker2	census-remainder-H586	done	${SWARM_PERSIST_DIR}/harness-work/H586/BRIEF.md
2026-09-19T19:26:45Z	swarm-agy-review-lite1	rd-b08-h301plus	done	${SWARM_PERSIST_DIR}/harness-work/RD-B08/BRIEF.md
2026-09-19T19:26:52Z	swarm-agy-review-lite2	rd-b09-h301plus	dispatched	${SWARM_PERSIST_DIR}/harness-work/RD-B09/BRIEF.md
2026-09-19T19:26:59Z	swarm-agy-worker-swap	rd-b10-h301plus	dispatched	${SWARM_PERSIST_DIR}/harness-work/RD-B10/BRIEF.md
2026-09-19T19:27:06Z	swarm-agy-worker-swap2	rd-ef01	dispatched	${SWARM_PERSIST_DIR}/harness-work/RD-EF01/BRIEF.md
2026-09-19T19:27:13Z	swarm-agy-worker1	rd-d01	dispatched	${SWARM_PERSIST_DIR}/harness-work/RD-D01/BRIEF.md
2026-09-19T19:27:21Z	swarm-agy-worker10	rd-d02	dispatched	${SWARM_PERSIST_DIR}/harness-work/RD-D02/BRIEF.md
2026-09-19T19:27:28Z	swarm-agy-worker11	rd-d03	dispatched	${SWARM_PERSIST_DIR}/harness-work/RD-D03/BRIEF.md
2026-09-19T19:27:35Z	swarm-agy-worker12	rd-d04	dispatched	${SWARM_PERSIST_DIR}/harness-work/RD-D04/BRIEF.md
2026-09-19T19:27:42Z	swarm-agy-worker13	rd-d05	dispatched	${SWARM_PERSIST_DIR}/harness-work/RD-D05/BRIEF.md
2026-09-19T19:27:49Z	swarm-agy-worker14	rd-b11-h1to300	dispatched	${SWARM_PERSIST_DIR}/harness-work/RD-B11/BRIEF.md
2026-09-19T19:27:56Z	swarm-agy-worker2	rd-b12-h1to300	dispatched	${SWARM_PERSIST_DIR}/harness-work/RD-B12/BRIEF.md
2026-09-19T19:28:04Z	swarm-agy-worker3	rd-b13-h1to300	dispatched	${SWARM_PERSIST_DIR}/harness-work/RD-B13/BRIEF.md
2026-09-19T19:28:11Z	swarm-agy-worker4	rd-b14-h1to300	dispatched	${SWARM_PERSIST_DIR}/harness-work/RD-B14/BRIEF.md
2026-09-19T19:28:18Z	swarm-agy-worker5	rd-b15-h1to300	dispatched	${SWARM_PERSIST_DIR}/harness-work/RD-B15/BRIEF.md
2026-09-19T19:28:25Z	swarm-agy-worker6	rd-b16-h1to300	dispatched	${SWARM_PERSIST_DIR}/harness-work/RD-B16/BRIEF.md
2026-09-19T19:28:32Z	swarm-agy-worker7	rd-b16-h1to300	dispatched	${SWARM_PERSIST_DIR}/harness-work/RD-B16/BRIEF.md
2026-09-19T19:28:40Z	swarm-agy-worker8	rd-b16-h1to300	dispatched	${SWARM_PERSIST_DIR}/harness-work/RD-B16/BRIEF.md
2026-09-19T19:28:47Z	swarm-agy-worker9	rd-b16-h1to300	dispatched	${SWARM_PERSIST_DIR}/harness-work/RD-B16/BRIEF.md
2026-09-19T19:28:54Z	swarm-cx-worker-swap	rd-b16-h1to300	dispatched	${SWARM_PERSIST_DIR}/harness-work/RD-B16/BRIEF.md
2026-09-19T19:29:01Z	swarm-worker-swap-A	rd-b16-h1to300	dispatched	${SWARM_PERSIST_DIR}/harness-work/RD-B16/BRIEF.md
2026-09-19T19:33:25Z	swarm-agy-worker6	rd-b16-h1to300	done	${SWARM_PERSIST_DIR}/harness-work/RD-B16/BRIEF.md
2026-09-19T19:36:28Z	swarm-agy-worker3	rd-b13-h1to300	done	${SWARM_PERSIST_DIR}/harness-work/RD-B13/BRIEF.md
2026-09-19T19:36:28Z	swarm-agy-worker1	rd-d01	done	${SWARM_PERSIST_DIR}/harness-work/RD-D01/BRIEF.md
2026-09-19T19:36:28Z	swarm-agy-worker2	rd-b12-h1to300	done	${SWARM_PERSIST_DIR}/harness-work/RD-B12/BRIEF.md
2026-09-19T19:36:28Z	swarm-agy-worker10	rd-d02	done	${SWARM_PERSIST_DIR}/harness-work/RD-D02/BRIEF.md
2026-09-19T19:36:28Z	swarm-agy-worker1	census-remainder-H585	done	${SWARM_PERSIST_DIR}/harness-work/H585/BRIEF.md
2026-09-19T19:36:28Z	swarm-agy-worker14	rd-b11-h1to300	done	${SWARM_PERSIST_DIR}/harness-work/RD-B11/BRIEF.md
2026-09-19T19:36:28Z	swarm-agy-worker11	rd-d03	done	${SWARM_PERSIST_DIR}/harness-work/RD-D03/BRIEF.md
2026-09-19T19:36:28Z	swarm-agy-worker12	rd-d04	done	${SWARM_PERSIST_DIR}/harness-work/RD-D04/BRIEF.md
2026-09-19T19:36:28Z	swarm-agy-worker13	rd-d05	done	${SWARM_PERSIST_DIR}/harness-work/RD-D05/BRIEF.md
2026-09-19T19:36:28Z	swarm-agy-worker-swap2	rd-ef01	done	${SWARM_PERSIST_DIR}/harness-work/RD-EF01/BRIEF.md
2026-09-19T19:36:28Z	swarm-agy-review-lite2	rd-b09-h301plus	done	${SWARM_PERSIST_DIR}/harness-work/RD-B09/BRIEF.md
2026-09-19T19:36:28Z	swarm-agy-worker-swap	rd-b10-h301plus	done	${SWARM_PERSIST_DIR}/harness-work/RD-B10/BRIEF.md
2026-09-19T19:36:28Z	swarm-agy-worker5	rd-b15-h1to300	done	${SWARM_PERSIST_DIR}/harness-work/RD-B15/BRIEF.md
2026-09-19T19:36:28Z	swarm-agy-worker13	rd-b06-h301plus	done	${SWARM_PERSIST_DIR}/harness-work/RD-B06/BRIEF.md
2026-09-19T19:36:29Z	swarm-agy-worker-swap	census-remainder-H591	done	${SWARM_PERSIST_DIR}/harness-work/H591/BRIEF.md
2026-09-19T19:36:29Z	swarm-agy-worker4	rd-b14-h1to300	done	${SWARM_PERSIST_DIR}/harness-work/RD-B14/BRIEF.md
2026-09-19T19:36:29Z	swarm-agy-worker12	rd-b05-h301plus	done	${SWARM_PERSIST_DIR}/harness-work/RD-B05/BRIEF.md
2026-09-19T19:36:33Z	swarm-agy-auditP-00	census-remainder-H596	aborted	${SWARM_PERSIST_DIR}/harness-work/H596/BRIEF.md
2026-09-19T19:46:01Z	swarm-agy-worker7	rd-b16-h1to300	done	${SWARM_PERSIST_DIR}/harness-work/RD-B16/BRIEF.md
2026-09-19T19:46:01Z	swarm-worker-swap-A	rd-b16-h1to300	done	${SWARM_PERSIST_DIR}/harness-work/RD-B16/BRIEF.md
2026-09-19T19:46:01Z	swarm-agy-worker9	rd-b16-h1to300	done	${SWARM_PERSIST_DIR}/harness-work/RD-B16/BRIEF.md
2026-09-19T19:46:02Z	swarm-agy-worker8	rd-b16-h1to300	done	${SWARM_PERSIST_DIR}/harness-work/RD-B16/BRIEF.md
2026-09-19T19:46:09Z	swarm-cx-worker-swap	rd-b16-h1to300	resent	${SWARM_PERSIST_DIR}/harness-work/RD-B16/BRIEF.md
2026-09-19T19:51:03Z	swarm-agy-worker-swap	survivor-T2	dispatched	/home/mboyle/swarm-codex-briefs/brief-survivors-T2.md
2026-09-19T19:51:10Z	swarm-agy-worker-swap2	survivor-T3	dispatched	/home/mboyle/swarm-codex-briefs/brief-survivors-T3.md
2026-09-19T19:51:17Z	swarm-agy-worker1	survivor-T4	dispatched	/home/mboyle/swarm-codex-briefs/brief-survivors-T4.md
2026-09-19T19:51:24Z	swarm-agy-worker10	survivor-T5	dispatched	/home/mboyle/swarm-codex-briefs/brief-survivors-T5.md
2026-09-19T19:51:32Z	swarm-agy-worker11	survivor-T6	dispatched	/home/mboyle/swarm-codex-briefs/brief-survivors-T6.md
2026-09-19T19:51:39Z	swarm-agy-worker12	survivor-T7	dispatched	/home/mboyle/swarm-codex-briefs/brief-survivors-T7.md
2026-09-19T19:51:46Z	swarm-agy-worker13	survivor-T8	dispatched	/home/mboyle/swarm-codex-briefs/brief-survivors-T8.md
2026-09-19T19:51:53Z	swarm-agy-worker14	survivor-T9	dispatched	/home/mboyle/swarm-codex-briefs/brief-survivors-T9.md
2026-09-19T19:52:00Z	swarm-agy-worker2	survivor-T10	dispatched	/home/mboyle/swarm-codex-briefs/brief-survivors-T10.md
2026-09-19T19:52:08Z	swarm-agy-worker3	survivor-T11	dispatched	/home/mboyle/swarm-codex-briefs/brief-survivors-T11.md
2026-09-19T19:52:15Z	swarm-agy-worker4	survivor-T12	dispatched	/home/mboyle/swarm-codex-briefs/brief-survivors-T12.md
2026-09-19T19:52:22Z	swarm-agy-worker5	survivor-T13a	dispatched	/home/mboyle/swarm-codex-briefs/brief-survivors-T13a.md
2026-09-19T19:52:29Z	swarm-agy-worker6	survivors-T13b	dispatched	/home/mboyle/swarm-codex-briefs/brief-survivors-T13b.md
2026-09-19T19:52:36Z	swarm-agy-worker7	survivors-T14	dispatched	/home/mboyle/swarm-codex-briefs/brief-survivors-T14.md
2026-09-19T19:52:43Z	swarm-agy-worker8	survivors-T15	dispatched	/home/mboyle/swarm-codex-briefs/brief-survivors-T15.md
2026-09-19T19:52:51Z	swarm-agy-worker9	survivors-T16	dispatched	/home/mboyle/swarm-codex-briefs/brief-survivors-T16.md
2026-09-19T19:52:58Z	swarm-cx-worker-swap	survivors-T17	dispatched	/home/mboyle/swarm-codex-briefs/brief-survivors-T17.md
2026-09-19T19:53:05Z	swarm-worker-swap-A	survivors-T18	dispatched	/home/mboyle/swarm-codex-briefs/brief-survivors-T18.md
2026-09-19T19:56:09Z	swarm-cx-worker1	row838	dispatched	/home/mboyle/swarm-codex-briefs/brief-row838.md
2026-09-19T19:56:17Z	swarm-cx-worker3	row839	dispatched	/home/mboyle/swarm-codex-briefs/brief-row839.md
2026-09-19T19:56:26Z	swarm-cx-worker2	row840	dispatched	/home/mboyle/swarm-codex-briefs/brief-row840.md
2026-09-19T19:56:34Z	swarm-cx-worker4	row841	dispatched	/home/mboyle/swarm-codex-briefs/brief-row841.md
2026-09-19T19:56:47Z	swarm-worker-A1-A	survivors-T19	dispatched	/home/mboyle/swarm-codex-briefs/brief-survivors-T19.md
2026-09-19T19:56:54Z	swarm-cx-worker1	survivors-T20	dispatched	/home/mboyle/swarm-codex-briefs/brief-survivors-T20.md
2026-09-19T19:57:01Z	swarm-worker-A2-A	row847	dispatched	/home/mboyle/swarm-codex-briefs/brief-row847.md
2026-09-19T19:57:15Z	swarm-cx-worker2	row848	dispatched	/home/mboyle/swarm-codex-briefs/brief-row848.md
2026-09-19T19:57:18Z	swarm-cx-worker6	row842	dispatched	/home/mboyle/swarm-codex-briefs/brief-row842.md
2026-09-19T19:57:23Z	swarm-worker-A3-A	row823	dispatched	/home/mboyle/swarm-codex-briefs/brief-row823.md
2026-09-19T19:57:30Z	swarm-cx-worker3	row826	dispatched	/home/mboyle/swarm-codex-briefs/brief-row826.md
2026-09-19T19:57:37Z	swarm-worker-A4-A	row830	dispatched	/home/mboyle/swarm-codex-briefs/brief-row830.md
2026-09-19T19:57:44Z	swarm-cx-worker4	row832	dispatched	/home/mboyle/swarm-codex-briefs/brief-row832.md
2026-09-19T19:57:51Z	swarm-worker-A5-A	row834	dispatched	/home/mboyle/swarm-codex-briefs/brief-row834.md
2026-09-19T19:57:58Z	swarm-cx-worker5	row853	dispatched	/home/mboyle/swarm-codex-briefs/brief-row853-http3.md
2026-09-19T19:58:06Z	swarm-worker-A6-A	row854	dispatched	/home/mboyle/swarm-codex-briefs/brief-row854-adaptive-chunks.md
2026-09-19T19:58:13Z	swarm-cx-worker6	row855	dispatched	/home/mboyle/swarm-codex-briefs/brief-row855-pgvector-search.md
2026-09-19T20:02:01Z	swarm-worker-A1-A	register-cut-823-922	dispatched	/home/mboyle/swarm-codex-briefs/brief-register-cut-T1.md
2026-09-19T20:06:10Z	swarm-cx-worker-swap	rd-b16-h1to300	nudged1	${SWARM_PERSIST_DIR}/harness-work/RD-B16/BRIEF.md
2026-09-19T20:07:07Z	swarm-agy-worker-swap	plumbing-P1	dispatched	/home/mboyle/swarm-codex-briefs/brief-plumbing-P1.md
2026-09-19T20:07:14Z	swarm-agy-worker-swap2	plumbing-P2	dispatched	/home/mboyle/swarm-codex-briefs/brief-plumbing-P2.md
2026-09-19T20:07:21Z	swarm-agy-worker1	plumbing-P3	dispatched	/home/mboyle/swarm-codex-briefs/brief-plumbing-P3.md
2026-09-19T20:07:28Z	swarm-agy-worker2	plumbing-P4	dispatched	/home/mboyle/swarm-codex-briefs/brief-plumbing-P4.md
2026-09-19T20:07:36Z	swarm-agy-worker3	plumbing-P5	dispatched	/home/mboyle/swarm-codex-briefs/brief-plumbing-P5.md
2026-09-19T20:07:43Z	swarm-agy-worker4	plumbing-P6	dispatched	/home/mboyle/swarm-codex-briefs/brief-plumbing-P6.md
2026-09-19T20:07:50Z	swarm-agy-worker5	plumbing-P7	dispatched	/home/mboyle/swarm-codex-briefs/brief-plumbing-P7.md
2026-09-19T20:07:57Z	swarm-agy-worker6	plumbing-P8	dispatched	/home/mboyle/swarm-codex-briefs/brief-plumbing-P8.md
2026-09-19T20:08:04Z	swarm-agy-worker9	row843	dispatched	/home/mboyle/swarm-codex-briefs/brief-row843.md
2026-09-19T20:08:11Z	swarm-agy-worker10	row844	dispatched	/home/mboyle/swarm-codex-briefs/brief-row844.md
2026-09-19T20:08:19Z	swarm-agy-worker11	row845	dispatched	/home/mboyle/swarm-codex-briefs/brief-row845.md
2026-09-19T20:08:26Z	swarm-agy-worker12	row846	dispatched	/home/mboyle/swarm-codex-briefs/brief-row846.md
2026-09-19T20:08:33Z	swarm-agy-worker14	row849	dispatched	/home/mboyle/swarm-codex-briefs/brief-row849.md
2026-09-19T20:10:04Z	swarm-worker-A7-A	row856	dispatched	/home/mboyle/swarm-codex-briefs/brief-row856-whisper-index.md
2026-09-19T20:10:11Z	swarm-worker-A8-A	row857	dispatched	/home/mboyle/swarm-codex-briefs/brief-row857-video-dedup.md
2026-09-19T20:10:39Z	swarm-worker-A9-A	row858	dispatched	/home/mboyle/swarm-codex-briefs/brief-row858-token-refresh.md
2026-09-19T20:10:54Z	swarm-worker-A11-A	row859	dispatched	/home/mboyle/swarm-codex-briefs/brief-row859-zero-copy-assembly.md
2026-09-19T20:11:01Z	swarm-worker-A12-A	row868	dispatched	/home/mboyle/swarm-codex-briefs/brief-row868.md
2026-09-19T20:11:08Z	swarm-cx-worker7	row850	dispatched	/home/mboyle/swarm-codex-briefs/brief-row850.md
2026-09-19T20:11:15Z	swarm-cx-worker8	row851	dispatched	/home/mboyle/swarm-codex-briefs/brief-row851.md
2026-09-19T20:11:23Z	swarm-cx-worker9	row852	dispatched	/home/mboyle/swarm-codex-briefs/brief-row852.md
2026-09-19T20:11:30Z	swarm-cx-worker10	row824	dispatched	/home/mboyle/swarm-codex-briefs/brief-row824.md
2026-09-19T20:11:37Z	swarm-cx-worker11	row825	dispatched	/home/mboyle/swarm-codex-briefs/brief-row825.md
2026-09-19T20:13:15Z	swarm-agy-worker1	survivor-T4	done	/home/mboyle/swarm-codex-briefs/brief-survivors-T4.md
2026-09-19T20:13:36Z	swarm-agy-worker1	plumbing-P3	done	/home/mboyle/swarm-codex-briefs/brief-plumbing-P3.md
2026-09-19T20:13:43Z	swarm-agy-worker1	row827	dispatched	/home/mboyle/swarm-codex-briefs/brief-row827.md
2026-09-19T20:13:43Z	swarm-agy-worker10	survivor-T5	done	/home/mboyle/swarm-codex-briefs/brief-survivors-T5.md
2026-09-19T20:13:43Z	swarm-agy-worker11	survivor-T6	done	/home/mboyle/swarm-codex-briefs/brief-survivors-T6.md
2026-09-19T20:13:43Z	swarm-agy-worker12	survivor-T7	done	/home/mboyle/swarm-codex-briefs/brief-survivors-T7.md
2026-09-19T20:13:43Z	swarm-agy-worker2	plumbing-P4	done	/home/mboyle/swarm-codex-briefs/brief-plumbing-P4.md
2026-09-19T20:13:43Z	swarm-agy-worker3	survivor-T11	done	/home/mboyle/swarm-codex-briefs/brief-survivors-T11.md
2026-09-19T20:13:43Z	swarm-agy-worker4	plumbing-P6	done	/home/mboyle/swarm-codex-briefs/brief-plumbing-P6.md
2026-09-19T20:13:43Z	swarm-agy-worker4	survivor-T12	done	/home/mboyle/swarm-codex-briefs/brief-survivors-T12.md
2026-09-19T20:13:51Z	swarm-agy-worker4	row828	dispatched	/home/mboyle/swarm-codex-briefs/brief-row828.md
2026-09-19T20:13:51Z	swarm-agy-worker5	survivor-T13a	done	/home/mboyle/swarm-codex-briefs/brief-survivors-T13a.md
2026-09-19T20:13:51Z	swarm-agy-worker7	survivors-T14	done	/home/mboyle/swarm-codex-briefs/brief-survivors-T14.md
2026-09-19T20:13:58Z	swarm-agy-worker7	row829	dispatched	/home/mboyle/swarm-codex-briefs/brief-row829.md
2026-09-19T20:13:58Z	swarm-agy-worker9	survivors-T16	done	/home/mboyle/swarm-codex-briefs/brief-survivors-T16.md
2026-09-19T20:13:58Z	swarm-cx-worker1	survivors-T20	done	/home/mboyle/swarm-codex-briefs/brief-survivors-T20.md
2026-09-19T20:15:01Z	swarm-agy-worker3	plumbing-P5	done	/home/mboyle/swarm-codex-briefs/brief-plumbing-P5.md
2026-09-19T20:15:10Z	swarm-agy-worker3	row831	dispatched	/home/mboyle/swarm-codex-briefs/brief-row831.md
2026-09-19T20:16:10Z	swarm-cx-worker6	row842	resent	/home/mboyle/swarm-codex-briefs/brief-row842.md
2026-09-19T20:16:19Z	swarm-cx-worker3	row826	resent	/home/mboyle/swarm-codex-briefs/brief-row826.md
2026-09-19T20:16:19Z	swarm-agy-worker8	survivors-T15	done	/home/mboyle/swarm-codex-briefs/brief-survivors-T15.md
2026-09-19T20:16:28Z	swarm-cx-worker-swap	survivors-T17	resent	/home/mboyle/swarm-codex-briefs/brief-survivors-T17.md
2026-09-19T20:16:28Z	swarm-agy-worker2	survivor-T10	done	/home/mboyle/swarm-codex-briefs/brief-survivors-T10.md
2026-09-19T20:16:37Z	swarm-worker-swap-A	survivors-T18	resent	/home/mboyle/swarm-codex-briefs/brief-survivors-T18.md
2026-09-19T20:16:47Z	swarm-cx-worker5	row853	resent	/home/mboyle/swarm-codex-briefs/brief-row853-http3.md
2026-09-19T20:16:56Z	swarm-worker-A3-A	row823	resent	/home/mboyle/swarm-codex-briefs/brief-row823.md
2026-09-19T20:17:05Z	swarm-cx-worker4	row832	resent	/home/mboyle/swarm-codex-briefs/brief-row832.md
2026-09-19T20:17:05Z	swarm-cx-worker6	row855	aborted	/home/mboyle/swarm-codex-briefs/brief-row855-pgvector-search.md
2026-09-19T20:17:06Z	swarm-cx-worker2	row840	aborted	/home/mboyle/swarm-codex-briefs/brief-row840.md
2026-09-19T20:17:06Z	swarm-cx-worker2	row848	aborted	/home/mboyle/swarm-codex-briefs/brief-row848.md
2026-09-19T20:17:15Z	swarm-worker-A4-A	row830	resent	/home/mboyle/swarm-codex-briefs/brief-row830.md
2026-09-19T20:17:15Z	swarm-agy-worker-swap	survivor-T2	aborted	/home/mboyle/swarm-codex-briefs/brief-survivors-T2.md
2026-09-19T20:17:24Z	swarm-worker-A2-A	row847	resent	/home/mboyle/swarm-codex-briefs/brief-row847.md
2026-09-19T20:17:33Z	swarm-cx-worker3	row839	resent	/home/mboyle/swarm-codex-briefs/brief-row839.md
2026-09-19T20:17:42Z	swarm-cx-worker4	row841	resent	/home/mboyle/swarm-codex-briefs/brief-row841.md
2026-09-19T20:17:42Z	swarm-agy-worker13	survivor-T8	done	/home/mboyle/swarm-codex-briefs/brief-survivors-T8.md
2026-09-19T20:17:42Z	swarm-agy-worker6	survivors-T13b	done	/home/mboyle/swarm-codex-briefs/brief-survivors-T13b.md
2026-09-19T20:17:42Z	swarm-cx-worker1	row838	done	/home/mboyle/swarm-codex-briefs/brief-row838.md
2026-09-19T20:17:42Z	swarm-agy-worker-swap2	survivor-T3	done	/home/mboyle/swarm-codex-briefs/brief-survivors-T3.md
2026-09-19T20:17:43Z	swarm-worker-A5-A	row834	aborted	/home/mboyle/swarm-codex-briefs/brief-row834.md
2026-09-19T20:17:50Z	swarm-worker-A4-A	row830	aborted	${SWARM_PERSIST_DIR}/row830-refusal-A4.md
2026-09-19T20:17:52Z	swarm-worker-A6-A	row854	resent	/home/mboyle/swarm-codex-briefs/brief-row854-adaptive-chunks.md
2026-09-19T20:18:01Z	swarm-worker-A1-A	survivors-T19	resent	/home/mboyle/swarm-codex-briefs/brief-survivors-T19.md
2026-09-19T20:18:01Z	swarm-agy-worker14	survivor-T9	done	/home/mboyle/swarm-codex-briefs/brief-survivors-T9.md
2026-09-19T20:18:01Z	swarm-agy-worker1	row827	done	/home/mboyle/swarm-codex-briefs/brief-row827.md
2026-09-19T20:18:10Z	swarm-agy-worker1	row833	dispatched	/home/mboyle/swarm-codex-briefs/brief-row833.md
2026-09-19T20:18:19Z	swarm-agy-worker13	row835	dispatched	/home/mboyle/swarm-codex-briefs/brief-row835.md
2026-09-19T20:18:28Z	swarm-agy-worker2	row836	dispatched	/home/mboyle/swarm-codex-briefs/brief-row836.md
2026-09-19T20:18:28Z	swarm-agy-worker5	plumbing-P7	done	/home/mboyle/swarm-codex-briefs/brief-plumbing-P7.md
2026-09-19T20:18:36Z	swarm-agy-worker5	row837	dispatched	/home/mboyle/swarm-codex-briefs/brief-row837.md
2026-09-19T20:18:36Z	swarm-agy-worker6	plumbing-P8	done	/home/mboyle/swarm-codex-briefs/brief-plumbing-P8.md
2026-09-19T20:18:45Z	swarm-agy-worker6	row860	dispatched	/home/mboyle/swarm-codex-briefs/brief-row860-esxi-clone.md
2026-09-19T20:18:53Z	swarm-agy-worker8	row861	dispatched	/home/mboyle/swarm-codex-briefs/brief-row861-wheelhouse.md
2026-09-19T20:21:01Z	swarm-agy-worker11	row845	done	/home/mboyle/swarm-codex-briefs/brief-row845.md
2026-09-19T20:21:10Z	swarm-agy-worker11	row862	dispatched	/home/mboyle/swarm-codex-briefs/brief-row862-video-offload.md
2026-09-19T20:21:10Z	swarm-agy-worker3	row831	done	/home/mboyle/swarm-codex-briefs/brief-row831.md
2026-09-19T20:21:18Z	swarm-agy-worker3	row863	dispatched	/home/mboyle/swarm-codex-briefs/brief-row863-ci-shard-balance.md
2026-09-19T20:21:18Z	swarm-agy-worker4	row828	done	/home/mboyle/swarm-codex-briefs/brief-row828.md
2026-09-19T20:21:27Z	swarm-agy-worker4	row864	dispatched	/home/mboyle/swarm-codex-briefs/brief-row864-prompt-cache.md
2026-09-19T20:21:35Z	swarm-cx-worker1	row865	dispatched	/home/mboyle/swarm-codex-briefs/brief-row865-memory-sqlite.md
2026-09-19T20:24:01Z	swarm-agy-worker1	row833	done	/home/mboyle/swarm-codex-briefs/brief-row833.md
2026-09-19T20:24:09Z	swarm-agy-worker1	row866	dispatched	/home/mboyle/swarm-codex-briefs/brief-row866-sparse-worktree.md
2026-09-19T20:24:18Z	swarm-cx-worker12	row869	dispatched	/home/mboyle/swarm-codex-briefs/brief-row869.md
2026-09-19T20:26:02Z	swarm-worker-A9-A	row858	aborted	/home/mboyle/swarm-codex-briefs/brief-row858-token-refresh.md
2026-09-19T20:26:02Z	swarm-agy-worker9	row843	aborted	/home/mboyle/swarm-codex-briefs/brief-row843.md
2026-09-19T20:26:03Z	swarm-agy-worker14	row849	aborted	/home/mboyle/swarm-codex-briefs/brief-row849.md
2026-09-19T20:26:03Z	swarm-worker-A7-A	row856	aborted	/home/mboyle/swarm-codex-briefs/brief-row856-whisper-index.md
2026-09-19T20:26:03Z	swarm-agy-worker-swap	plumbing-P1	aborted	/home/mboyle/swarm-codex-briefs/brief-plumbing-P1.md
2026-09-19T20:26:03Z	swarm-agy-worker-swap2	plumbing-P2	done	/home/mboyle/swarm-codex-briefs/brief-plumbing-P2.md
2026-09-19T20:26:04Z	swarm-agy-worker12	row846	aborted	/home/mboyle/swarm-codex-briefs/brief-row846.md
2026-09-19T20:26:12Z	swarm-worker-A8-A	row857	resent	/home/mboyle/swarm-codex-briefs/brief-row857-video-dedup.md
2026-09-19T20:26:13Z	swarm-worker-A12-A	row868	aborted	/home/mboyle/swarm-codex-briefs/brief-row868.md
2026-09-19T20:26:21Z	swarm-worker-A1-A	register-cut-823-922	resent	/home/mboyle/swarm-codex-briefs/brief-register-cut-T1.md
2026-09-19T20:26:21Z	swarm-agy-worker10	row844	aborted	/home/mboyle/swarm-codex-briefs/brief-row844.md
2026-09-19T20:26:30Z	swarm-cx-worker-swap	rd-b16-h1to300	nudged2	${SWARM_PERSIST_DIR}/harness-work/RD-B16/BRIEF.md
2026-09-19T20:26:38Z	swarm-worker-A11-A	row859	resent	/home/mboyle/swarm-codex-briefs/brief-row859-zero-copy-assembly.md
2026-09-19T20:27:01Z	swarm-agy-worker1	row866	done	/home/mboyle/swarm-codex-briefs/brief-row866-sparse-worktree.md
2026-09-19T20:27:10Z	swarm-agy-worker1	row871	dispatched	/home/mboyle/swarm-codex-briefs/brief-row871.md
2026-09-19T20:27:58Z	swarm-agy-worker3	row863	done	/home/mboyle/swarm-codex-briefs/brief-row863-ci-shard-balance.md
2026-09-19T20:30:01Z	swarm-agy-worker1	row871	done	/home/mboyle/swarm-codex-briefs/brief-row871.md
2026-09-19T20:30:10Z	swarm-agy-worker1	row872	dispatched	/home/mboyle/swarm-codex-briefs/brief-row872.md
2026-09-19T20:30:18Z	swarm-agy-worker3	row873	dispatched	/home/mboyle/swarm-codex-briefs/brief-row873.md
2026-09-19T20:33:01Z	swarm-agy-worker1	row872	done	/home/mboyle/swarm-codex-briefs/brief-row872.md
2026-09-19T20:33:09Z	swarm-agy-worker1	row876	dispatched	/home/mboyle/swarm-codex-briefs/brief-row876.md
2026-09-19T20:35:01Z	swarm-agy-worker3	row873	done	/home/mboyle/swarm-codex-briefs/brief-row873.md
2026-09-19T20:36:02Z	swarm-cx-worker6	row842	aborted	/home/mboyle/swarm-codex-briefs/brief-row842.md
2026-09-19T20:36:11Z	swarm-cx-worker3	row826	nudged1	/home/mboyle/swarm-codex-briefs/brief-row826.md
2026-09-19T20:36:11Z	swarm-agy-worker7	row829	done	/home/mboyle/swarm-codex-briefs/brief-row829.md
2026-09-19T20:36:20Z	swarm-cx-worker11	row825	resent	/home/mboyle/swarm-codex-briefs/brief-row825.md
2026-09-19T20:36:21Z	swarm-agy-worker2	row836	aborted	/home/mboyle/swarm-codex-briefs/brief-row836.md
2026-09-19T20:36:30Z	swarm-cx-worker-swap	survivors-T17	nudged1	/home/mboyle/swarm-codex-briefs/brief-survivors-T17.md
2026-09-19T20:36:30Z	swarm-worker-swap-A	survivors-T18	aborted	/home/mboyle/swarm-codex-briefs/brief-survivors-T18.md
2026-09-19T20:36:31Z	swarm-agy-worker13	row835	aborted	/home/mboyle/swarm-codex-briefs/brief-row835.md
2026-09-19T20:36:40Z	swarm-cx-worker7	row850	resent	/home/mboyle/swarm-codex-briefs/brief-row850.md
2026-09-19T20:36:49Z	swarm-cx-worker5	row853	nudged1	/home/mboyle/swarm-codex-briefs/brief-row853-http3.md
2026-09-19T20:36:49Z	swarm-agy-worker6	row860	aborted	/home/mboyle/swarm-codex-briefs/brief-row860-esxi-clone.md
2026-09-19T20:36:58Z	swarm-cx-worker8	row851	resent	/home/mboyle/swarm-codex-briefs/brief-row851.md
2026-09-19T20:36:59Z	swarm-worker-A3-A	row823	escalated	/home/mboyle/swarm-codex-briefs/brief-row823.md
2026-09-19T20:36:59Z	swarm-agy-worker5	row837	aborted	/home/mboyle/swarm-codex-briefs/brief-row837.md
2026-09-19T20:37:08Z	swarm-cx-worker4	row832	nudged1	/home/mboyle/swarm-codex-briefs/brief-row832.md
2026-09-19T20:37:09Z	swarm-worker-A2-A	row847	aborted	/home/mboyle/swarm-codex-briefs/brief-row847.md
2026-09-19T20:37:09Z	swarm-cx-worker3	row839	aborted	/home/mboyle/swarm-codex-briefs/brief-row839.md
2026-09-19T20:37:10Z	swarm-agy-worker8	row861	aborted	/home/mboyle/swarm-codex-briefs/brief-row861-wheelhouse.md
2026-09-19T20:37:10Z	swarm-cx-worker4	row841	aborted	/home/mboyle/swarm-codex-briefs/brief-row841.md
2026-09-19T20:37:11Z	swarm-cx-worker9	row852	aborted	/home/mboyle/swarm-codex-briefs/brief-row852.md
2026-09-19T20:37:20Z	swarm-cx-worker10	row824	resent	/home/mboyle/swarm-codex-briefs/brief-row824.md
2026-09-19T20:37:20Z	swarm-worker-A6-A	row854	escalated	/home/mboyle/swarm-codex-briefs/brief-row854-adaptive-chunks.md
2026-09-19T20:37:21Z	swarm-worker-A1-A	survivors-T19	escalated	/home/mboyle/swarm-codex-briefs/brief-survivors-T19.md
2026-09-19T20:39:00Z	swarm-cx-worker7	row850	aborted	${SWARM_PERSIST_DIR}/RULING-row850-REFUTE-UPHELD-BRIEF-DEFECTIVE-swarm-pm-A-2026-09-19T203835Z.md
2026-09-19T20:39:01Z	swarm-agy-worker1	row876	done	/home/mboyle/swarm-codex-briefs/brief-row876.md
2026-09-19T20:39:10Z	swarm-agy-worker1	row877	dispatched	/home/mboyle/swarm-codex-briefs/brief-row877.md
2026-09-19T20:39:10Z	swarm-agy-worker10	row844	done	/home/mboyle/swarm-codex-briefs/brief-row844.md
2026-09-19T20:39:18Z	swarm-agy-worker10	row879	dispatched	/home/mboyle/swarm-codex-briefs/brief-row879.md
2026-09-19T20:39:18Z	swarm-agy-worker11	row862	done	/home/mboyle/swarm-codex-briefs/brief-row862-video-offload.md
2026-09-19T20:39:27Z	swarm-agy-worker11	row882	dispatched	/home/mboyle/swarm-codex-briefs/brief-row882.md
2026-09-19T20:39:27Z	swarm-agy-worker2	row836	done	/home/mboyle/swarm-codex-briefs/brief-row836.md
2026-09-19T20:39:36Z	swarm-agy-worker2	row883	dispatched	/home/mboyle/swarm-codex-briefs/brief-row883.md
2026-09-19T20:39:45Z	swarm-agy-worker3	row884	dispatched	/home/mboyle/swarm-codex-briefs/brief-row884.md
2026-09-19T20:39:45Z	swarm-agy-worker4	row864	done	/home/mboyle/swarm-codex-briefs/brief-row864-prompt-cache.md
2026-09-19T20:39:53Z	swarm-agy-worker4	row885	dispatched	/home/mboyle/swarm-codex-briefs/brief-row885.md
2026-09-19T20:42:01Z	swarm-agy-worker3	row884	done	/home/mboyle/swarm-codex-briefs/brief-row884.md
2026-09-19T20:42:01Z	swarm-agy-worker1	row877	done	/home/mboyle/swarm-codex-briefs/brief-row877.md
2026-09-19T20:42:10Z	swarm-agy-worker1	row886	dispatched	/home/mboyle/swarm-codex-briefs/brief-row886.md
2026-09-19T20:42:19Z	swarm-agy-worker7	row888	dispatched	/home/mboyle/swarm-codex-briefs/brief-row888.md
2026-09-19T20:42:28Z	swarm-cx-worker7	row889	dispatched	/home/mboyle/swarm-codex-briefs/brief-row889.md
2026-09-19T20:45:01Z	swarm-agy-worker10	row879	done	/home/mboyle/swarm-codex-briefs/brief-row879.md
2026-09-19T20:45:10Z	swarm-agy-worker10	row890	dispatched	/home/mboyle/swarm-codex-briefs/brief-row890.md
2026-09-19T20:45:10Z	swarm-agy-worker13	row835	done	/home/mboyle/swarm-codex-briefs/brief-row835.md
2026-09-19T20:45:18Z	swarm-agy-worker13	row891	dispatched	/home/mboyle/swarm-codex-briefs/brief-row891.md
2026-09-19T20:45:18Z	swarm-agy-worker2	row883	done	/home/mboyle/swarm-codex-briefs/brief-row883.md
2026-09-19T20:45:26Z	swarm-agy-worker2	row892	dispatched	/home/mboyle/swarm-codex-briefs/brief-row892.md
2026-09-19T20:45:35Z	swarm-agy-worker3	row893	dispatched	/home/mboyle/swarm-codex-briefs/brief-row893.md
2026-09-19T20:45:35Z	swarm-agy-worker8	row861	done	/home/mboyle/swarm-codex-briefs/brief-row861-wheelhouse.md
2026-09-19T20:45:43Z	swarm-agy-worker8	row896	dispatched	/home/mboyle/swarm-codex-briefs/brief-row896.md
2026-09-19T20:46:10Z	swarm-cx-worker12	row869	resent	/home/mboyle/swarm-codex-briefs/brief-row869.md
2026-09-19T20:46:18Z	swarm-cx-worker1	row865	resent	/home/mboyle/swarm-codex-briefs/brief-row865-memory-sqlite.md
2026-09-19T20:46:19Z	swarm-worker-A8-A	row857	escalated	/home/mboyle/swarm-codex-briefs/brief-row857-video-dedup.md
2026-09-19T20:46:19Z	swarm-worker-A1-A	register-cut-823-922	escalated	/home/mboyle/swarm-codex-briefs/brief-register-cut-T1.md
2026-09-19T20:46:28Z	swarm-cx-worker-swap	rd-b16-h1to300	nudged3	${SWARM_PERSIST_DIR}/harness-work/RD-B16/BRIEF.md
2026-09-19T20:46:28Z	swarm-worker-A11-A	row859	aborted	/home/mboyle/swarm-codex-briefs/brief-row859-zero-copy-assembly.md
2026-09-19T20:48:01Z	swarm-agy-worker1	row886	done	/home/mboyle/swarm-codex-briefs/brief-row886.md
2026-09-19T20:48:10Z	swarm-agy-worker1	row897	dispatched	/home/mboyle/swarm-codex-briefs/brief-row897.md
2026-09-19T20:48:10Z	swarm-agy-worker11	row882	done	/home/mboyle/swarm-codex-briefs/brief-row882.md
2026-09-19T20:48:18Z	swarm-agy-worker11	row902	dispatched	/home/mboyle/swarm-codex-briefs/brief-row902.md
2026-09-19T20:48:18Z	swarm-agy-worker4	row885	done	/home/mboyle/swarm-codex-briefs/brief-row885.md
2026-09-19T20:48:27Z	swarm-agy-worker4	row916	dispatched	/home/mboyle/swarm-codex-briefs/brief-row916.md
2026-09-19T20:48:27Z	swarm-agy-worker7	row888	done	/home/mboyle/swarm-codex-briefs/brief-row888.md
2026-09-19T20:48:35Z	swarm-agy-worker7	row919	dispatched	/home/mboyle/swarm-codex-briefs/brief-row919.md
2026-09-19T20:54:01Z	swarm-agy-worker6	row860	done	/home/mboyle/swarm-codex-briefs/brief-row860-esxi-clone.md
2026-09-19T20:54:10Z	swarm-agy-worker6	row920	dispatched	/home/mboyle/swarm-codex-briefs/brief-row920.md
2026-09-19T20:56:01Z	swarm-cx-worker3	row826	aborted	/home/mboyle/swarm-codex-briefs/brief-row826.md
2026-09-19T20:56:09Z	swarm-cx-worker11	row825	nudged1	/home/mboyle/swarm-codex-briefs/brief-row825.md
2026-09-19T20:56:17Z	swarm-cx-worker-swap	survivors-T17	nudged2	/home/mboyle/swarm-codex-briefs/brief-survivors-T17.md
2026-09-19T20:56:17Z	swarm-cx-worker5	row853	aborted	/home/mboyle/swarm-codex-briefs/brief-row853-http3.md
2026-09-19T20:56:26Z	swarm-cx-worker8	row851	nudged1	/home/mboyle/swarm-codex-briefs/brief-row851.md
2026-09-19T20:56:34Z	swarm-cx-worker4	row832	nudged2	/home/mboyle/swarm-codex-briefs/brief-row832.md
2026-09-19T20:56:42Z	swarm-cx-worker10	row824	nudged1	/home/mboyle/swarm-codex-briefs/brief-row824.md
2026-09-19T20:57:01Z	swarm-agy-worker10	row890	done	/home/mboyle/swarm-codex-briefs/brief-row890.md
2026-09-19T20:57:09Z	swarm-agy-worker10	row921	dispatched	/home/mboyle/swarm-codex-briefs/brief-row921.md
2026-09-19T21:06:01Z	swarm-cx-worker12	row869	aborted	/home/mboyle/swarm-codex-briefs/brief-row869.md
2026-09-19T21:06:02Z	swarm-agy-worker2	row892	aborted	/home/mboyle/swarm-codex-briefs/brief-row892.md
2026-09-19T21:06:02Z	swarm-agy-worker4	row916	aborted	/home/mboyle/swarm-codex-briefs/brief-row916.md
2026-09-19T21:06:02Z	swarm-agy-worker11	row902	aborted	/home/mboyle/swarm-codex-briefs/brief-row902.md
2026-09-19T21:06:02Z	swarm-cx-worker7	row889	aborted	/home/mboyle/swarm-codex-briefs/brief-row889.md
2026-09-19T21:06:03Z	swarm-agy-worker1	row897	aborted	/home/mboyle/swarm-codex-briefs/brief-row897.md
2026-09-19T21:06:03Z	swarm-agy-worker13	row891	aborted	/home/mboyle/swarm-codex-briefs/brief-row891.md
2026-09-19T21:06:11Z	swarm-cx-worker1	row865	nudged1	/home/mboyle/swarm-codex-briefs/brief-row865-memory-sqlite.md
2026-09-19T21:06:11Z	swarm-agy-worker3	row893	done	/home/mboyle/swarm-codex-briefs/brief-row893.md
2026-09-19T21:06:11Z	swarm-agy-worker7	row919	aborted	/home/mboyle/swarm-codex-briefs/brief-row919.md
2026-09-19T21:06:12Z	swarm-agy-worker8	row896	aborted	/home/mboyle/swarm-codex-briefs/brief-row896.md
2026-09-19T21:06:20Z	swarm-cx-worker-swap	rd-b16-h1to300	nudged4	${SWARM_PERSIST_DIR}/harness-work/RD-B16/BRIEF.md
2026-09-19T21:09:09Z	swarm-agy-worker3	row922	dispatched	/home/mboyle/swarm-codex-briefs/brief-row922.md
2026-09-19T21:16:10Z	swarm-cx-worker11	row825	nudged2	/home/mboyle/swarm-codex-briefs/brief-row825.md
2026-09-19T21:16:18Z	swarm-cx-worker-swap	survivors-T17	nudged3	/home/mboyle/swarm-codex-briefs/brief-survivors-T17.md
2026-09-19T21:16:19Z	swarm-agy-worker10	row921	aborted	/home/mboyle/swarm-codex-briefs/brief-row921.md
2026-09-19T21:16:27Z	swarm-cx-worker8	row851	nudged2	/home/mboyle/swarm-codex-briefs/brief-row851.md
2026-09-19T21:16:36Z	swarm-cx-worker4	row832	nudged3	/home/mboyle/swarm-codex-briefs/brief-row832.md
2026-09-19T21:16:36Z	swarm-agy-worker6	row920	aborted	/home/mboyle/swarm-codex-briefs/brief-row920.md
2026-09-19T21:16:36Z	swarm-cx-worker10	row824	aborted	/home/mboyle/swarm-codex-briefs/brief-row824.md
2026-09-19T21:24:01Z	swarm-cx-worker12	row869	done	/home/mboyle/swarm-codex-briefs/brief-row869.md
2026-09-19T21:24:09Z	swarm-cx-worker12	row867	dispatched	/home/mboyle/swarm-codex-briefs/brief-row867-happy-eyeballs.md
2026-09-19T21:26:09Z	swarm-cx-worker6	row855	nudged1	/home/mboyle/swarm-codex-briefs/brief-row855-pgvector-search.md
2026-09-19T21:26:18Z	swarm-cx-worker2	row840	nudged1	/home/mboyle/swarm-codex-briefs/brief-row840.md
2026-09-19T21:26:19Z	swarm-cx-worker1	row865	aborted	/home/mboyle/swarm-codex-briefs/brief-row865-memory-sqlite.md
2026-09-19T21:26:19Z	swarm-agy-worker3	row922	aborted	/home/mboyle/swarm-codex-briefs/brief-row922.md
2026-09-19T21:26:27Z	swarm-worker-A5-A	row834	resent	/home/mboyle/swarm-codex-briefs/brief-row834.md
2026-09-19T21:26:28Z	swarm-cx-worker-swap	rd-b16-h1to300	escalated	${SWARM_PERSIST_DIR}/harness-work/RD-B16/BRIEF.md
2026-09-19T21:30:45Z	swarm-agy-worker9	row843	aborted	AGY 5h limit O901
2026-09-19T21:30:45Z	swarm-agy-worker12	row846	aborted	AGY 5h limit O901
2026-09-19T21:30:45Z	swarm-agy-worker14	row849	aborted	AGY 5h limit O901
2026-09-19T21:30:45Z	swarm-agy-worker5	row837	aborted	AGY 5h limit O901
2026-09-19T21:30:45Z	swarm-agy-worker13	row891	aborted	AGY 5h limit O901
2026-09-19T21:30:45Z	swarm-agy-worker2	row892	aborted	AGY 5h limit O901
2026-09-19T21:30:45Z	swarm-agy-worker8	row896	aborted	AGY 5h limit O901
2026-09-19T21:30:45Z	swarm-agy-worker1	row897	aborted	AGY 5h limit O901
2026-09-19T21:30:45Z	swarm-agy-worker11	row902	aborted	AGY 5h limit O901
2026-09-19T21:30:45Z	swarm-agy-worker4	row916	aborted	AGY 5h limit O901
2026-09-19T21:30:45Z	swarm-agy-worker7	row919	aborted	AGY 5h limit O901
2026-09-19T21:30:45Z	swarm-agy-worker6	row920	aborted	AGY 5h limit O901
2026-09-19T21:30:45Z	swarm-agy-worker10	row921	aborted	AGY 5h limit O901
2026-09-19T21:30:45Z	swarm-agy-worker3	row922	aborted	AGY 5h limit O901
2026-09-19T21:30:45Z	swarm-agy-worker-swap	plumbing-P1	done	DONE.md present
2026-09-19T21:30:45Z	swarm-agy-worker-swap	survivor-T2	done	DONE.md present
2026-09-19T21:32:15Z	swarm-agy-worker4	row864	aborted	AGY limit; REFUTE rerouted via queue head O901
2026-09-19T21:36:14Z	swarm-worker-A9-A	row858	resent	/home/mboyle/swarm-codex-briefs/brief-row858-token-refresh.md
2026-09-19T21:36:26Z	swarm-cx-worker11	row825	nudged3	/home/mboyle/swarm-codex-briefs/brief-row825.md
2026-09-19T21:36:37Z	swarm-cx-worker-swap	survivors-T17	nudged4	/home/mboyle/swarm-codex-briefs/brief-survivors-T17.md
2026-09-19T21:36:50Z	swarm-cx-worker8	row851	nudged3	/home/mboyle/swarm-codex-briefs/brief-row851.md
2026-09-19T21:37:01Z	swarm-cx-worker4	row832	nudged4	/home/mboyle/swarm-codex-briefs/brief-row832.md
2026-09-19T21:46:10Z	swarm-cx-worker6	row842	nudged1	/home/mboyle/swarm-codex-briefs/brief-row842.md
2026-09-19T21:46:19Z	swarm-cx-worker12	row867	resent	/home/mboyle/swarm-codex-briefs/brief-row867-happy-eyeballs.md
2026-09-19T21:46:19Z	swarm-worker-swap-A	survivors-T18	done	/home/mboyle/swarm-codex-briefs/brief-survivors-T18.md
2026-09-19T21:46:20Z	swarm-cx-worker6	row855	aborted	/home/mboyle/swarm-codex-briefs/brief-row855-pgvector-search.md
2026-09-19T21:46:20Z	swarm-cx-worker2	row840	aborted	/home/mboyle/swarm-codex-briefs/brief-row840.md
2026-09-19T21:46:21Z	swarm-worker-A2-A	row847	done	/home/mboyle/swarm-codex-briefs/brief-row847.md
2026-09-19T21:46:30Z	swarm-cx-worker4	row841	nudged1	/home/mboyle/swarm-codex-briefs/brief-row841.md
2026-09-19T21:46:31Z	swarm-worker-A5-A	row834	aborted	/home/mboyle/swarm-codex-briefs/brief-row834.md
2026-09-19T21:56:02Z	swarm-worker-A9-A	row858	escalated	/home/mboyle/swarm-codex-briefs/brief-row858-token-refresh.md
2026-09-19T21:56:02Z	swarm-cx-worker11	row825	aborted	/home/mboyle/swarm-codex-briefs/brief-row825.md
2026-09-19T21:56:02Z	swarm-cx-worker-swap	survivors-T17	escalated	/home/mboyle/swarm-codex-briefs/brief-survivors-T17.md
2026-09-19T21:56:11Z	swarm-cx-worker8	row851	nudged4	/home/mboyle/swarm-codex-briefs/brief-row851.md
2026-09-19T21:56:11Z	swarm-cx-worker4	row832	escalated	/home/mboyle/swarm-codex-briefs/brief-row832.md
2026-09-19T21:56:20Z	swarm-cx-worker9	row852	nudged1	/home/mboyle/swarm-codex-briefs/brief-row852.md
2026-09-19T21:56:21Z	swarm-worker-A11-A	row859	done	/home/mboyle/swarm-codex-briefs/brief-row859-zero-copy-assembly.md
2026-09-19T22:00:08Z	swarm-worker-A10-A	row870	dispatched	/home/mboyle/swarm-codex-briefs/brief-row870.md
2026-09-19T22:00:10Z	swarm-worker-A10-A	row870	dispatched	/home/mboyle/swarm-codex-briefs/brief-row870.md
2026-09-19T22:00:15Z	swarm-worker-A11-A	row874	dispatched	/home/mboyle/swarm-codex-briefs/brief-row874.md
2026-09-19T22:00:18Z	swarm-worker-A11-A	row874	dispatched	/home/mboyle/swarm-codex-briefs/brief-row874.md
2026-09-19T22:00:22Z	swarm-worker-A2-A	row875	dispatched	/home/mboyle/swarm-codex-briefs/brief-row875.md
2026-09-19T22:00:26Z	swarm-worker-A4-A	row875	dispatched	/home/mboyle/swarm-codex-briefs/brief-row875.md
2026-09-19T22:03:09Z	swarm-cx-worker14	offload-r4	dispatched	/home/mboyle/swarm-codex-briefs/brief-offload-r4.md
2026-09-19T22:03:18Z	swarm-worker-A13-A	row878	dispatched	/home/mboyle/swarm-codex-briefs/brief-row878.md
2026-09-19T22:03:26Z	swarm-worker-A14-A	row880	dispatched	/home/mboyle/swarm-codex-briefs/brief-row880.md
2026-09-19T22:03:34Z	swarm-worker-A15-A	row881	dispatched	/home/mboyle/swarm-codex-briefs/brief-row881.md
2026-09-19T22:03:35Z	swarm-cx-worker13	offload-r3	dispatched	/home/mboyle/swarm-codex-briefs/brief-offload-r3.md
2026-09-19T22:03:42Z	swarm-worker-A16-A	row887	dispatched	/home/mboyle/swarm-codex-briefs/brief-row887.md
2026-09-19T22:03:43Z	swarm-cx-worker15	offload-r2	dispatched	/home/mboyle/swarm-codex-briefs/brief-offload-r2.md
2026-09-19T22:03:50Z	swarm-worker-A17-A	row894	dispatched	/home/mboyle/swarm-codex-briefs/brief-row894.md
2026-09-19T22:03:51Z	swarm-worker-A17-A	row894	dispatched	/home/mboyle/swarm-codex-briefs/brief-row894.md
2026-09-19T22:03:57Z	swarm-worker-A18-A	row895	dispatched	/home/mboyle/swarm-codex-briefs/brief-row895.md
2026-09-19T22:03:57Z	swarm-worker-A3-A	row823	done	/home/mboyle/swarm-codex-briefs/brief-row823.md
2026-09-19T22:04:05Z	swarm-worker-A3-A	row898	dispatched	/home/mboyle/swarm-codex-briefs/brief-row898.md
2026-09-19T22:04:20Z	swarm-cx-worker16	offload-r1	dispatched	/home/mboyle/swarm-codex-briefs/brief-offload-r1.md
2026-09-19T22:06:02Z	swarm-cx-worker6	row842	aborted	/home/mboyle/swarm-codex-briefs/brief-row842.md
2026-09-19T22:06:10Z	swarm-cx-worker12	row867	nudged1	/home/mboyle/swarm-codex-briefs/brief-row867-happy-eyeballs.md
2026-09-19T22:06:20Z	swarm-cx-worker4	row841	nudged2	/home/mboyle/swarm-codex-briefs/brief-row841.md
2026-09-19T22:16:01Z	swarm-worker-A4-A	row875	aborted	/home/mboyle/swarm-codex-briefs/brief-row875.md
2026-09-19T22:16:03Z	swarm-cx-worker8	row851	aborted	/home/mboyle/swarm-codex-briefs/brief-row851.md
2026-09-19T22:16:04Z	swarm-worker-A10-A	row870	aborted	/home/mboyle/swarm-codex-briefs/brief-row870.md
2026-09-19T22:16:12Z	swarm-worker-A11-A	row874	resent	/home/mboyle/swarm-codex-briefs/brief-row874.md
2026-09-19T22:16:13Z	swarm-cx-worker9	row852	aborted	/home/mboyle/swarm-codex-briefs/brief-row852.md
2026-09-19T22:16:13Z	swarm-worker-A2-A	row875	done	/home/mboyle/swarm-codex-briefs/brief-row875.md
2026-09-19T22:26:09Z	swarm-cx-worker12	row867	nudged2	/home/mboyle/swarm-codex-briefs/brief-row867-happy-eyeballs.md
2026-09-19T22:26:09Z	swarm-worker-A3-A	row898	done	/home/mboyle/swarm-codex-briefs/brief-row898.md
2026-09-19T22:26:10Z	swarm-cx-worker15	offload-r2	done	/home/mboyle/swarm-codex-briefs/brief-offload-r2.md
2026-09-19T22:26:18Z	swarm-worker-A13-A	row878	resent	/home/mboyle/swarm-codex-briefs/brief-row878.md
2026-09-19T22:26:26Z	swarm-cx-worker5	row853	nudged1	/home/mboyle/swarm-codex-briefs/brief-row853-http3.md
2026-09-19T22:26:35Z	swarm-cx-worker16	offload-r1	resent	/home/mboyle/swarm-codex-briefs/brief-offload-r1.md
2026-09-19T22:26:43Z	swarm-worker-A16-A	row887	resent	/home/mboyle/swarm-codex-briefs/brief-row887.md
2026-09-19T22:26:43Z	swarm-cx-worker4	row841	aborted	/home/mboyle/swarm-codex-briefs/brief-row841.md
2026-09-19T22:26:52Z	swarm-worker-A18-A	row895	resent	/home/mboyle/swarm-codex-briefs/brief-row895.md
2026-09-19T22:27:00Z	swarm-cx-worker14	offload-r4	resent	/home/mboyle/swarm-codex-briefs/brief-offload-r4.md
2026-09-19T22:27:01Z	swarm-cx-worker1	row865	done	/home/mboyle/swarm-codex-briefs/brief-row865-memory-sqlite.md
2026-09-19T22:27:08Z	swarm-worker-A17-A	row894	resent	/home/mboyle/swarm-codex-briefs/brief-row894.md
2026-09-19T22:27:09Z	swarm-cx-worker1	row864	dispatched	/home/mboyle/swarm-codex-briefs/brief-row864.md
2026-09-19T22:27:17Z	swarm-worker-A14-A	row880	resent	/home/mboyle/swarm-codex-briefs/brief-row880.md
2026-09-19T22:27:17Z	swarm-cx-worker15	row843	dispatched	/home/mboyle/swarm-codex-briefs/brief-row843.md
2026-09-19T22:27:17Z	swarm-cx-worker9	row852	done	/home/mboyle/swarm-codex-briefs/brief-row852.md
2026-09-19T22:27:25Z	swarm-cx-worker13	offload-r3	resent	/home/mboyle/swarm-codex-briefs/brief-offload-r3.md
2026-09-19T22:27:25Z	swarm-worker-A15-A	row881	aborted	/home/mboyle/swarm-codex-briefs/brief-row881.md
2026-09-19T22:27:25Z	swarm-cx-worker9	row846	dispatched	/home/mboyle/swarm-codex-briefs/brief-row846.md
2026-09-19T22:27:34Z	swarm-worker-A3-A	row899	dispatched	/home/mboyle/swarm-codex-briefs/brief-row899.md
2026-09-19T22:30:01Z	swarm-cx-worker1	row864	done	/home/mboyle/swarm-codex-briefs/brief-row864.md
2026-09-19T22:30:10Z	swarm-cx-worker1	row849	dispatched	/home/mboyle/swarm-codex-briefs/brief-row849.md
2026-09-19T22:30:10Z	swarm-worker-A4-A	row875	done	/home/mboyle/swarm-codex-briefs/brief-row875.md
2026-09-19T22:30:18Z	swarm-worker-A4-A	row900	dispatched	/home/mboyle/swarm-codex-briefs/brief-row900.md
2026-09-19T22:30:18Z	swarm-worker-A5-A	row834	done	/home/mboyle/swarm-codex-briefs/brief-row834.md
2026-09-19T22:30:26Z	swarm-worker-A5-A	row901	dispatched	/home/mboyle/swarm-codex-briefs/brief-row901.md
2026-09-19T22:33:02Z	swarm-cx-worker13	offload-r3	done	/home/mboyle/swarm-codex-briefs/brief-offload-r3.md
2026-09-19T22:33:10Z	swarm-cx-worker13	row837	dispatched	/home/mboyle/swarm-codex-briefs/brief-row837.md
2026-09-19T22:33:19Z	swarm-worker-A2-A	row903	dispatched	/home/mboyle/swarm-codex-briefs/brief-row903.md
2026-09-19T22:36:01Z	swarm-worker-A15-A	row881	done	/home/mboyle/swarm-codex-briefs/brief-row881.md
2026-09-19T22:36:03Z	swarm-worker-A11-A	row874	done	/home/mboyle/swarm-codex-briefs/brief-row874.md
2026-09-19T22:36:10Z	swarm-worker-A15-A	row904	dispatched	/home/mboyle/swarm-codex-briefs/brief-row904.md
2026-09-19T22:42:01Z	swarm-cx-worker10	row824	done	/home/mboyle/swarm-codex-briefs/brief-row824.md
2026-09-19T22:42:09Z	swarm-cx-worker10	row891	dispatched	/home/mboyle/swarm-codex-briefs/brief-row891.md
2026-09-19T22:42:09Z	swarm-cx-worker3	row826	done	/home/mboyle/swarm-codex-briefs/brief-row826.md
2026-09-19T22:42:09Z	swarm-worker-A12-A	row868	done	/home/mboyle/swarm-codex-briefs/brief-row868.md
2026-09-19T22:42:17Z	swarm-worker-A12-A	row905	dispatched	/home/mboyle/swarm-codex-briefs/brief-row905.md
2026-09-19T22:45:02Z	swarm-cx-worker8	row851	done	/home/mboyle/swarm-codex-briefs/brief-row851.md
2026-09-19T22:45:10Z	swarm-cx-worker8	row892	dispatched	/home/mboyle/swarm-codex-briefs/brief-row892.md
2026-09-19T22:46:02Z	swarm-worker-A5-A	row901	done	/home/mboyle/swarm-codex-briefs/brief-row901.md
2026-09-19T22:46:10Z	swarm-cx-worker12	row867	nudged3	/home/mboyle/swarm-codex-briefs/brief-row867-happy-eyeballs.md
2026-09-19T22:46:18Z	swarm-cx-worker9	row846	resent	/home/mboyle/swarm-codex-briefs/brief-row846.md
2026-09-19T22:46:26Z	swarm-worker-A3-A	row899	resent	/home/mboyle/swarm-codex-briefs/brief-row899.md
2026-09-19T22:46:27Z	swarm-worker-A13-A	row878	escalated	/home/mboyle/swarm-codex-briefs/brief-row878.md
2026-09-19T22:46:27Z	swarm-cx-worker5	row853	aborted	/home/mboyle/swarm-codex-briefs/brief-row853-http3.md
2026-09-19T22:46:27Z	swarm-cx-worker15	row843	aborted	/home/mboyle/swarm-codex-briefs/brief-row843.md
2026-09-19T22:46:28Z	swarm-worker-A7-A	row856	done	/home/mboyle/swarm-codex-briefs/brief-row856-whisper-index.md
2026-09-19T22:46:36Z	swarm-cx-worker16	offload-r1	nudged1	/home/mboyle/swarm-codex-briefs/brief-offload-r1.md
2026-09-19T22:46:37Z	swarm-worker-A16-A	row887	aborted	/home/mboyle/swarm-codex-briefs/brief-row887.md
2026-09-19T22:46:45Z	swarm-cx-worker3	row839	nudged1	/home/mboyle/swarm-codex-briefs/brief-row839.md
2026-09-19T22:46:45Z	swarm-worker-A18-A	row895	escalated	/home/mboyle/swarm-codex-briefs/brief-row895.md
2026-09-19T22:46:45Z	swarm-cx-worker14	offload-r4	aborted	/home/mboyle/swarm-codex-briefs/brief-offload-r4.md
2026-09-19T22:46:46Z	swarm-worker-A4-A	row900	aborted	/home/mboyle/swarm-codex-briefs/brief-row900.md
2026-09-19T22:46:46Z	swarm-worker-A17-A	row894	escalated	/home/mboyle/swarm-codex-briefs/brief-row894.md
2026-09-19T22:46:46Z	swarm-worker-A14-A	row880	escalated	/home/mboyle/swarm-codex-briefs/brief-row880.md
2026-09-19T22:46:47Z	swarm-cx-worker1	row849	aborted	/home/mboyle/swarm-codex-briefs/brief-row849.md
2026-09-19T22:48:01Z	swarm-cx-worker12	row867	done	/home/mboyle/swarm-codex-briefs/brief-row867-happy-eyeballs.md
2026-09-19T22:48:09Z	swarm-cx-worker12	row896	dispatched	/home/mboyle/swarm-codex-briefs/brief-row896.md
2026-09-19T22:48:18Z	swarm-worker-A7-A	row906	dispatched	/home/mboyle/swarm-codex-briefs/brief-row906.md
2026-09-19T22:51:09Z	swarm-worker-A11-A	row907	dispatched	/home/mboyle/swarm-codex-briefs/brief-row907.md
2026-09-19T22:51:18Z	swarm-worker-A5-A	row908	dispatched	/home/mboyle/swarm-codex-briefs/brief-row908.md
2026-09-19T22:56:02Z	swarm-worker-A15-A	row904	aborted	/home/mboyle/swarm-codex-briefs/brief-row904.md
2026-09-19T22:56:11Z	swarm-cx-worker7	row889	nudged1	/home/mboyle/swarm-codex-briefs/brief-row889.md
2026-09-19T22:56:11Z	swarm-worker-A2-A	row903	aborted	/home/mboyle/swarm-codex-briefs/brief-row903.md
2026-09-19T22:56:20Z	swarm-cx-worker6	row855	nudged1	/home/mboyle/swarm-codex-briefs/brief-row855-pgvector-search.md
2026-09-19T22:56:29Z	swarm-cx-worker13	row837	resent	/home/mboyle/swarm-codex-briefs/brief-row837.md
2026-09-19T23:00:02Z	swarm-cx-worker16	offload-r1	done	/home/mboyle/swarm-codex-briefs/brief-offload-r1.md
2026-09-19T23:00:10Z	swarm-cx-worker16	row897	dispatched	/home/mboyle/swarm-codex-briefs/brief-row897.md
2026-09-19T23:00:10Z	swarm-worker-A13-A	row878	done	/home/mboyle/swarm-codex-briefs/brief-row878.md
2026-09-19T23:00:18Z	swarm-worker-A13-A	row909	dispatched	/home/mboyle/swarm-codex-briefs/brief-row909.md
2026-09-19T23:03:01Z	swarm-worker-A3-A	row899	done	/home/mboyle/swarm-codex-briefs/brief-row899.md
2026-09-19T23:03:10Z	swarm-worker-A3-A	row910	dispatched	/home/mboyle/swarm-codex-briefs/brief-row910.md
2026-09-19T23:06:10Z	swarm-cx-worker12	row896	resent	/home/mboyle/swarm-codex-briefs/brief-row896.md
2026-09-19T23:06:10Z	swarm-cx-worker9	row846	aborted	/home/mboyle/swarm-codex-briefs/brief-row846.md
2026-09-19T23:06:10Z	swarm-worker-A12-A	row905	aborted	/home/mboyle/swarm-codex-briefs/brief-row905.md
2026-09-19T23:06:19Z	swarm-cx-worker11	row825	nudged1	/home/mboyle/swarm-codex-briefs/brief-row825.md
2026-09-19T23:06:19Z	swarm-cx-worker10	row891	aborted	/home/mboyle/swarm-codex-briefs/brief-row891.md
2026-09-19T23:06:20Z	swarm-worker-A7-A	row906	aborted	/home/mboyle/swarm-codex-briefs/brief-row906.md
2026-09-19T23:06:29Z	swarm-cx-worker3	row839	nudged2	/home/mboyle/swarm-codex-briefs/brief-row839.md
2026-09-19T23:06:29Z	swarm-cx-worker8	row892	aborted	/home/mboyle/swarm-codex-briefs/brief-row892.md
2026-09-19T23:09:01Z	swarm-cx-worker10	row891	done	/home/mboyle/swarm-codex-briefs/brief-row891.md
2026-09-19T23:09:09Z	swarm-cx-worker10	row902	dispatched	/home/mboyle/swarm-codex-briefs/brief-row902.md
2026-09-19T23:09:10Z	swarm-worker-A18-A	row895	done	/home/mboyle/swarm-codex-briefs/brief-row895.md
2026-09-19T23:09:18Z	swarm-worker-A18-A	row911	dispatched	/home/mboyle/swarm-codex-briefs/brief-row911.md
2026-09-19T23:16:09Z	swarm-cx-worker6	row842	nudged1	/home/mboyle/swarm-codex-briefs/brief-row842.md
2026-09-19T23:16:18Z	swarm-worker-A5-A	row908	resent	/home/mboyle/swarm-codex-briefs/brief-row908.md
2026-09-19T23:16:27Z	swarm-worker-A13-A	row909	resent	/home/mboyle/swarm-codex-briefs/brief-row909.md
2026-09-19T23:16:35Z	swarm-cx-worker16	row897	resent	/home/mboyle/swarm-codex-briefs/brief-row897.md
2026-09-19T23:16:36Z	swarm-worker-A11-A	row907	aborted	/home/mboyle/swarm-codex-briefs/brief-row907.md
2026-09-19T23:16:36Z	swarm-cx-worker7	row889	aborted	/home/mboyle/swarm-codex-briefs/brief-row889.md
2026-09-19T23:16:37Z	swarm-cx-worker6	row855	aborted	/home/mboyle/swarm-codex-briefs/brief-row855-pgvector-search.md
2026-09-19T23:16:38Z	swarm-cx-worker13	row837	aborted	/home/mboyle/swarm-codex-briefs/brief-row837.md
2026-09-19T23:18:01Z	swarm-cx-worker15	row843	done	/home/mboyle/swarm-codex-briefs/brief-row843.md
2026-09-19T23:18:10Z	swarm-cx-worker15	row916	dispatched	/home/mboyle/swarm-codex-briefs/brief-row916.md
2026-09-19T23:18:10Z	swarm-cx-worker7	row889	done	/home/mboyle/swarm-codex-briefs/brief-row889.md
2026-09-19T23:18:18Z	swarm-cx-worker7	row919	dispatched	/home/mboyle/swarm-codex-briefs/brief-row919.md
2026-09-19T23:18:18Z	swarm-cx-worker9	row846	done	/home/mboyle/swarm-codex-briefs/brief-row846.md
2026-09-19T23:18:27Z	swarm-cx-worker9	row920	dispatched	/home/mboyle/swarm-codex-briefs/brief-row920.md
2026-09-19T23:18:27Z	swarm-worker-A7-A	row906	done	/home/mboyle/swarm-codex-briefs/brief-row906.md
2026-09-19T23:18:36Z	swarm-worker-A7-A	row912	dispatched	/home/mboyle/swarm-codex-briefs/brief-row912.md
2026-09-19T23:21:01Z	swarm-cx-worker11	row825	done	/home/mboyle/swarm-codex-briefs/brief-row825.md
2026-09-19T23:21:10Z	swarm-cx-worker11	row921	dispatched	/home/mboyle/swarm-codex-briefs/brief-row921.md
2026-09-19T23:24:02Z	swarm-worker-A4-A	row900	done	/home/mboyle/swarm-codex-briefs/brief-row900.md
2026-09-19T23:24:10Z	swarm-worker-A4-A	row913	dispatched	/home/mboyle/swarm-codex-briefs/brief-row913.md
2026-09-19T23:26:10Z	swarm-cx-worker12	row896	nudged1	/home/mboyle/swarm-codex-briefs/brief-row896.md
2026-09-19T23:26:10Z	swarm-cx-worker10	row902	aborted	/home/mboyle/swarm-codex-briefs/brief-row902.md
2026-09-19T23:26:11Z	swarm-worker-A10-A	row870	done	/home/mboyle/swarm-codex-briefs/brief-row870.md
2026-09-19T23:26:19Z	swarm-cx-worker3	row839	nudged3	/home/mboyle/swarm-codex-briefs/brief-row839.md
2026-09-19T23:26:28Z	swarm-worker-A18-A	row911	resent	/home/mboyle/swarm-codex-briefs/brief-row911.md
2026-09-19T23:26:36Z	swarm-worker-A3-A	row910	resent	/home/mboyle/swarm-codex-briefs/brief-row910.md
2026-09-19T23:27:01Z	swarm-cx-worker2	row840	done	/home/mboyle/swarm-codex-briefs/brief-row840.md
2026-09-19T23:27:09Z	swarm-worker-A10-A	row914	dispatched	/home/mboyle/swarm-codex-briefs/brief-row914.md
2026-09-19T23:28:04Z	swarm-worker-A4-A	row913	aborted	/home/mboyle/swarm-codex-briefs/brief-row913.md refusal upheld RULING-row913-REFUSAL-UPHELD
2026-09-19T23:30:01Z	swarm-worker-A13-A	row909	done	/home/mboyle/swarm-codex-briefs/brief-row909.md
2026-09-19T23:30:09Z	swarm-worker-A13-A	row915	dispatched	/home/mboyle/swarm-codex-briefs/brief-row915.md
2026-09-19T23:30:17Z	swarm-worker-A4-A	row917	dispatched	/home/mboyle/swarm-codex-briefs/brief-row917.md
2026-09-19T23:33:02Z	swarm-worker-A15-A	row904	done	/home/mboyle/swarm-codex-briefs/brief-row904.md
2026-09-19T23:33:10Z	swarm-worker-A15-A	row918	dispatched	/home/mboyle/swarm-codex-briefs/brief-row918.md
2026-09-19T23:36:01Z	swarm-worker-A14-A	row880	done	/home/mboyle/swarm-codex-briefs/brief-row880.md
2026-09-19T23:36:09Z	swarm-cx-worker6	row842	nudged2	/home/mboyle/swarm-codex-briefs/brief-row842.md
2026-09-19T23:36:09Z	swarm-worker-A14-A	row922	dispatched	/home/mboyle/swarm-codex-briefs/brief-row922.md
2026-09-19T23:36:09Z	swarm-worker-A5-A	row908	escalated	/home/mboyle/swarm-codex-briefs/brief-row908.md
2026-09-19T23:36:18Z	swarm-cx-worker16	row897	nudged1	/home/mboyle/swarm-codex-briefs/brief-row897.md
2026-09-19T23:36:18Z	swarm-cx-worker15	row916	aborted	/home/mboyle/swarm-codex-briefs/brief-row916.md
2026-09-19T23:36:19Z	swarm-cx-worker7	row919	aborted	/home/mboyle/swarm-codex-briefs/brief-row919.md
2026-09-19T23:36:28Z	swarm-cx-worker2	row848	nudged1	/home/mboyle/swarm-codex-briefs/brief-row848.md
2026-09-19T23:36:36Z	swarm-cx-worker4	row841	nudged1	/home/mboyle/swarm-codex-briefs/brief-row841.md
2026-09-19T23:36:37Z	swarm-worker-A7-A	row912	aborted	/home/mboyle/swarm-codex-briefs/brief-row912.md
2026-09-19T23:36:46Z	swarm-cx-worker9	row920	resent	/home/mboyle/swarm-codex-briefs/brief-row920.md
2026-09-19T23:42:02Z	swarm-worker-A11-A	row907	done	/home/mboyle/swarm-codex-briefs/brief-row907.md
2026-09-19T23:42:10Z	swarm-worker-A11-A	gate-fix-1	dispatched	/home/mboyle/swarm-codex-briefs/brief-gate-fix-1.md
2026-09-19T23:42:10Z	swarm-worker-A17-A	row894	done	/home/mboyle/swarm-codex-briefs/brief-row894.md
2026-09-19T23:42:18Z	swarm-worker-A17-A	gate-fix-2	dispatched	/home/mboyle/swarm-codex-briefs/brief-gate-fix-2.md
2026-09-19T23:46:09Z	swarm-cx-worker12	row896	nudged2	/home/mboyle/swarm-codex-briefs/brief-row896.md
2026-09-19T23:46:09Z	swarm-worker-A4-A	row917	aborted	/home/mboyle/swarm-codex-briefs/brief-row917.md
2026-09-19T23:46:18Z	swarm-cx-worker3	row839	nudged4	/home/mboyle/swarm-codex-briefs/brief-row839.md
2026-09-19T23:46:18Z	swarm-worker-A10-A	row914	aborted	/home/mboyle/swarm-codex-briefs/brief-row914.md
2026-09-19T23:46:26Z	swarm-cx-worker11	row921	resent	/home/mboyle/swarm-codex-briefs/brief-row921.md
2026-09-19T23:46:26Z	swarm-worker-A18-A	row911	aborted	/home/mboyle/swarm-codex-briefs/brief-row911.md
2026-09-19T23:46:35Z	swarm-worker-A13-A	row915	resent	/home/mboyle/swarm-codex-briefs/brief-row915.md
2026-09-19T23:46:35Z	swarm-worker-A3-A	row910	escalated	/home/mboyle/swarm-codex-briefs/brief-row910.md
2026-09-19T23:47:41Z	swarm-worker-A20-A	row913	dispatched	/home/mboyle/swarm-codex-briefs/brief-row913.md
2026-09-19T23:48:01Z	swarm-worker-A16-A	row887	done	/home/mboyle/swarm-codex-briefs/brief-row887.md
2026-09-19T23:48:09Z	swarm-worker-A16-A	process-test-shard	dispatched	/home/mboyle/swarm-codex-briefs/brief-process-test-shard.md
2026-09-19T23:50:00Z	swarm-worker-A6-A	row854	done	/home/mboyle/swarm-codex-briefs/brief-row854-adaptive-chunks.md (PREPPED 22:30:51Z; ledger reconciled by PM)
2026-09-19T23:51:01Z	swarm-cx-worker10	row902	done	/home/mboyle/swarm-codex-briefs/brief-row902.md
2026-09-19T23:51:10Z	swarm-cx-worker10	harness-band-frontend-capability	dispatched	/home/mboyle/swarm-codex-briefs/brief-harness-band-frontend-capability.md
2026-09-19T23:51:10Z	swarm-worker-A11-A	gate-fix-1	done	/home/mboyle/swarm-codex-briefs/brief-gate-fix-1.md
2026-09-19T23:51:18Z	swarm-worker-A11-A	harness-playwright-loop-leak	dispatched	/home/mboyle/swarm-codex-briefs/brief-harness-playwright-loop-leak.md
2026-09-19T23:51:18Z	swarm-worker-A12-A	row905	done	/home/mboyle/swarm-codex-briefs/brief-row905.md
2026-09-19T23:51:26Z	swarm-worker-A12-A	harness-verbose-streaming	dispatched	/home/mboyle/swarm-codex-briefs/brief-harness-verbose-streaming.md
2026-09-19T23:51:27Z	swarm-worker-A18-A	row911	done	/home/mboyle/swarm-codex-briefs/brief-row911.md
2026-09-19T23:51:35Z	swarm-worker-A18-A	lessons-2	dispatched	/home/mboyle/swarm-codex-briefs/brief-lessons-2.md
2026-09-19T23:51:43Z	swarm-worker-A6-A	lessons-3	dispatched	/home/mboyle/swarm-codex-briefs/brief-lessons-3.md
2026-09-19T23:56:09Z	swarm-cx-worker6	row842	nudged3	/home/mboyle/swarm-codex-briefs/brief-row842.md
2026-09-19T23:56:18Z	swarm-cx-worker16	row897	nudged2	/home/mboyle/swarm-codex-briefs/brief-row897.md
2026-09-19T23:56:18Z	swarm-worker-A14-A	row922	aborted	/home/mboyle/swarm-codex-briefs/brief-row922.md
2026-09-19T23:56:27Z	swarm-cx-worker5	row853	nudged1	/home/mboyle/swarm-codex-briefs/brief-row853-http3.md
2026-09-19T23:56:27Z	swarm-cx-worker2	row848	aborted	/home/mboyle/swarm-codex-briefs/brief-row848.md
2026-09-19T23:56:36Z	swarm-cx-worker4	row841	nudged2	/home/mboyle/swarm-codex-briefs/brief-row841.md
2026-09-19T23:56:44Z	swarm-worker-A15-A	row918	resent	/home/mboyle/swarm-codex-briefs/brief-row918.md
2026-09-19T23:56:53Z	swarm-cx-worker14	offload-r4	nudged1	/home/mboyle/swarm-codex-briefs/brief-offload-r4.md
2026-09-19T23:57:01Z	swarm-cx-worker9	row920	nudged1	/home/mboyle/swarm-codex-briefs/brief-row920.md
2026-09-19T23:57:10Z	swarm-cx-worker1	row849	nudged1	/home/mboyle/swarm-codex-briefs/brief-row849.md
2026-09-20T00:00:01Z	swarm-cx-worker14	offload-r4	done	/home/mboyle/swarm-codex-briefs/brief-offload-r4.md
2026-09-20T00:00:10Z	swarm-cx-worker14	lessons-4	dispatched	/home/mboyle/swarm-codex-briefs/brief-lessons-4.md
2026-09-20T00:00:10Z	swarm-cx-worker6	row842	done	/home/mboyle/swarm-codex-briefs/brief-row842.md
2026-09-20T00:00:10Z	swarm-cx-worker8	row892	done	/home/mboyle/swarm-codex-briefs/brief-row892.md
2026-09-20T00:00:18Z	swarm-cx-worker8	lessons-5	dispatched	/home/mboyle/swarm-codex-briefs/brief-lessons-5.md
2026-09-20T00:00:19Z	swarm-worker-A14-A	row922	done	/home/mboyle/swarm-codex-briefs/brief-row922.md
2026-09-20T00:00:27Z	swarm-worker-A14-A	lessons-8	dispatched	/home/mboyle/swarm-codex-briefs/brief-lessons-8.md
2026-09-20T00:03:01Z	swarm-cx-worker15	row916	done	/home/mboyle/swarm-codex-briefs/brief-row916.md
2026-09-20T00:03:10Z	swarm-cx-worker15	lessons-11	dispatched	/home/mboyle/swarm-codex-briefs/brief-lessons-11.md
2026-09-20T00:03:10Z	swarm-cx-worker2	row848	done	/home/mboyle/swarm-codex-briefs/brief-row848.md
2026-09-20T00:03:19Z	swarm-cx-worker2	lessons-12	dispatched	/home/mboyle/swarm-codex-briefs/brief-lessons-12.md
2026-09-20T00:06:01Z	swarm-worker-A17-A	gate-fix-2	aborted	/home/mboyle/swarm-codex-briefs/brief-gate-fix-2.md
2026-09-20T00:06:01Z	swarm-worker-A7-A	row912	done	/home/mboyle/swarm-codex-briefs/brief-row912.md
2026-09-20T00:06:10Z	swarm-worker-A7-A	lessons-13	dispatched	/home/mboyle/swarm-codex-briefs/brief-lessons-13.md
2026-09-20T00:06:10Z	swarm-cx-worker12	row896	nudged3	/home/mboyle/swarm-codex-briefs/brief-row896.md
2026-09-20T00:06:10Z	swarm-worker-A2-A	row903	done	/home/mboyle/swarm-codex-briefs/brief-row903.md
2026-09-20T00:06:18Z	swarm-worker-A16-A	process-test-shard	resent	/home/mboyle/swarm-codex-briefs/brief-process-test-shard.md
2026-09-20T00:06:27Z	swarm-worker-A20-A	row913	resent	/home/mboyle/swarm-codex-briefs/brief-row913.md
2026-09-20T00:06:27Z	swarm-cx-worker3	row839	escalated	/home/mboyle/swarm-codex-briefs/brief-row839.md
2026-09-20T00:06:36Z	swarm-cx-worker11	row921	nudged1	/home/mboyle/swarm-codex-briefs/brief-row921.md
2026-09-20T00:06:36Z	swarm-worker-A13-A	row915	escalated	/home/mboyle/swarm-codex-briefs/brief-row915.md
2026-09-20T00:09:01Z	swarm-cx-worker4	row841	done	/home/mboyle/swarm-codex-briefs/brief-row841.md
2026-09-20T00:09:02Z	swarm-worker-A14-A	lessons-8	done	/home/mboyle/swarm-codex-briefs/brief-lessons-8.md
2026-09-20T00:09:10Z	swarm-worker-A14-A	lessons-17	dispatched	/home/mboyle/swarm-codex-briefs/brief-lessons-17.md
2026-09-20T00:16:01Z	swarm-cx-worker8	lessons-5	done	/home/mboyle/swarm-codex-briefs/brief-lessons-5.md (H440 DONE.md/offer signal)
2026-09-20T00:16:09Z	swarm-cx-worker16	row897	nudged3	/home/mboyle/swarm-codex-briefs/brief-row897.md
2026-09-20T00:16:09Z	swarm-worker-A18-A	lessons-2	aborted	/home/mboyle/swarm-codex-briefs/brief-lessons-2.md
2026-09-20T00:16:17Z	swarm-cx-worker10	harness-band-frontend-capability	resent	/home/mboyle/swarm-codex-briefs/brief-harness-band-frontend-capability.md
2026-09-20T00:16:25Z	swarm-cx-worker5	row853	nudged2	/home/mboyle/swarm-codex-briefs/brief-row853-http3.md
2026-09-20T00:16:25Z	swarm-worker-A11-A	harness-playwright-loop-leak	done	/home/mboyle/swarm-codex-briefs/brief-harness-playwright-loop-leak.md
2026-09-20T00:16:33Z	swarm-worker-A12-A	harness-verbose-streaming	resent	/home/mboyle/swarm-codex-briefs/brief-harness-verbose-streaming.md
2026-09-20T00:16:34Z	swarm-worker-A6-A	lessons-3	done	/home/mboyle/swarm-codex-briefs/brief-lessons-3.md (H440 DONE.md/offer signal)
2026-09-20T00:16:34Z	swarm-worker-A15-A	row918	aborted	/home/mboyle/swarm-codex-briefs/brief-row918.md
2026-09-20T00:16:34Z	swarm-cx-worker14	lessons-4	done	/home/mboyle/swarm-codex-briefs/brief-lessons-4.md
2026-09-20T00:16:42Z	swarm-cx-worker9	row920	nudged2	/home/mboyle/swarm-codex-briefs/brief-row920.md
2026-09-20T00:16:42Z	swarm-cx-worker1	row849	done	/home/mboyle/swarm-codex-briefs/brief-row849.md
2026-09-20T00:25:22Z	PM	row844	aborted	/home/mboyle/swarm-codex-briefs/brief-row844.md old cut retired (O943 class B); re-issue on b9d1c8f7 as row844-r2
2026-09-20T00:25:22Z	PM	row847	aborted	/home/mboyle/swarm-codex-briefs/brief-row847.md old cut retired (O943 class B); re-issue on b9d1c8f7 as row847-r2
2026-09-20T00:25:22Z	PM	row834	aborted	/home/mboyle/swarm-codex-briefs/brief-row834.md old cut retired (O943 class B); re-issue on b9d1c8f7 as row834-r2
2026-09-20T00:25:22Z	PM	row873	aborted	/home/mboyle/swarm-codex-briefs/brief-row873.md old cut retired (O943 class B); re-issue on b9d1c8f7 as row873-r2
2026-09-20T00:26:01Z	swarm-worker-A14-A	lessons-17	done	/home/mboyle/swarm-codex-briefs/brief-lessons-17.md
2026-09-20T00:26:09Z	swarm-cx-worker12	row896	nudged4	/home/mboyle/swarm-codex-briefs/brief-row896.md
2026-09-20T00:26:09Z	swarm-worker-A16-A	process-test-shard	escalated	/home/mboyle/swarm-codex-briefs/brief-process-test-shard.md
2026-09-20T00:26:18Z	swarm-cx-worker15	lessons-11	done	/home/mboyle/swarm-codex-briefs/brief-lessons-11.md
2026-09-20T00:26:26Z	swarm-cx-worker6	row855	nudged1	/home/mboyle/swarm-codex-briefs/brief-row855-pgvector-search.md
2026-09-20T00:26:26Z	swarm-worker-A20-A	row913	done	/home/mboyle/swarm-codex-briefs/brief-row913.md
2026-09-20T00:26:26Z	swarm-cx-worker13	row837	done	/home/mboyle/swarm-codex-briefs/brief-row837.md
2026-09-20T00:26:26Z	swarm-cx-worker11	row921	done	/home/mboyle/swarm-codex-briefs/brief-row921.md
2026-09-20T00:26:34Z	swarm-cx-worker2	lessons-12	resent	/home/mboyle/swarm-codex-briefs/brief-lessons-12.md
2026-09-20T00:26:34Z	swarm-worker-A7-A	lessons-13	done	/home/mboyle/swarm-codex-briefs/brief-lessons-13.md
2026-09-20T00:27:09Z	swarm-cx-worker1	row844	dispatched	/home/mboyle/swarm-codex-briefs/brief-row844.md
2026-09-20T00:27:17Z	swarm-cx-worker11	row873	dispatched	/home/mboyle/swarm-codex-briefs/brief-row873.md
2026-09-20T00:27:25Z	swarm-cx-worker14	row847	dispatched	/home/mboyle/swarm-codex-briefs/brief-row847.md
2026-09-20T00:27:33Z	swarm-cx-worker15	row834	dispatched	/home/mboyle/swarm-codex-briefs/brief-row834.md
2026-09-20T00:27:33Z	swarm-cx-worker2	lessons-12	done	/home/mboyle/swarm-codex-briefs/brief-lessons-12.md
2026-09-20T00:36:01Z	swarm-cx-worker1	row844	done	/home/mboyle/swarm-codex-briefs/brief-row844.md
2026-09-20T00:36:05Z	PM	row824	aborted	/home/mboyle/swarm-codex-briefs/brief-row824.md old cut retired (O943 class B); re-issue on b9d1c8f7 as row824-r2
2026-09-20T00:36:08Z	swarm-cx-worker1	row945	dispatched	/home/mboyle/swarm-codex-briefs/brief-row945.md
2026-09-20T00:36:08Z	swarm-cx-worker14	row847	done	/home/mboyle/swarm-codex-briefs/brief-row847.md
2026-09-20T00:36:08Z	swarm-cx-worker16	row897	nudged4	/home/mboyle/swarm-codex-briefs/brief-row897.md
2026-09-20T00:36:15Z	swarm-cx-worker14	row923	dispatched	/home/mboyle/swarm-codex-briefs/brief-row923.md
2026-09-20T00:36:15Z	swarm-cx-worker15	row834	done	/home/mboyle/swarm-codex-briefs/brief-row834.md
2026-09-20T00:36:15Z	swarm-cx-worker10	harness-band-frontend-capability	nudged1	/home/mboyle/swarm-codex-briefs/brief-harness-band-frontend-capability.md
2026-09-20T00:36:21Z	swarm-cx-worker15	row924	dispatched	/home/mboyle/swarm-codex-briefs/brief-row924.md
2026-09-20T00:36:21Z	swarm-cx-worker5	row853	nudged3	/home/mboyle/swarm-codex-briefs/brief-row853-http3.md
2026-09-20T00:36:22Z	swarm-worker-A12-A	harness-verbose-streaming	escalated	/home/mboyle/swarm-codex-briefs/brief-harness-verbose-streaming.md
2026-09-20T00:36:28Z	swarm-cx-worker2	row824	dispatched	/home/mboyle/swarm-codex-briefs/brief-row824.md
2026-09-20T00:36:28Z	swarm-cx-worker3	row839	done	/home/mboyle/swarm-codex-briefs/brief-row839.md
2026-09-20T00:36:29Z	swarm-cx-worker9	row920	aborted	/home/mboyle/swarm-codex-briefs/brief-row920.md
2026-09-20T00:36:34Z	swarm-cx-worker3	row925	dispatched	/home/mboyle/swarm-codex-briefs/brief-row925.md
2026-09-20T00:36:34Z	swarm-cx-worker7	row919	done	/home/mboyle/swarm-codex-briefs/brief-row919.md
2026-09-20T00:36:35Z	swarm-worker-A12-A	harness-verbose-streaming	done	${SWARM_PERSIST_DIR}/DONE-harness-verbose-streaming.md
2026-09-20T00:36:41Z	swarm-cx-worker7	row951	dispatched	/home/mboyle/swarm-codex-briefs/brief-row951.md
2026-09-20T00:39:01Z	swarm-cx-worker11	row873	done	/home/mboyle/swarm-codex-briefs/brief-row873.md
2026-09-20T00:39:02Z	swarm-cx-worker16	row897	done	/home/mboyle/swarm-codex-briefs/brief-row897.md
2026-09-20T00:39:02Z	swarm-cx-worker2	row824	done	/home/mboyle/swarm-codex-briefs/brief-row824.md
2026-09-20T00:39:02Z	swarm-cx-worker5	row853	done	/home/mboyle/swarm-codex-briefs/brief-row853-http3.md
2026-09-20T00:39:02Z	swarm-worker-A10-A	row914	done	/home/mboyle/swarm-codex-briefs/brief-row914.md
2026-09-20T00:39:02Z	swarm-worker-A13-A	row915	done	/home/mboyle/swarm-codex-briefs/brief-row915.md
2026-09-20T00:39:02Z	swarm-worker-A15-A	row918	done	/home/mboyle/swarm-codex-briefs/brief-row918.md
2026-09-20T00:39:02Z	swarm-worker-A17-A	gate-fix-2	done	/home/mboyle/swarm-codex-briefs/brief-gate-fix-2.md
2026-09-20T00:39:02Z	swarm-worker-A3-A	row910	done	/home/mboyle/swarm-codex-briefs/brief-row910.md
2026-09-20T00:39:02Z	swarm-worker-A4-A	row917	done	/home/mboyle/swarm-codex-briefs/brief-row917.md
2026-09-20T00:39:02Z	swarm-worker-A5-A	row908	done	/home/mboyle/swarm-codex-briefs/brief-row908.md
2026-09-20T00:46:02Z	swarm-cx-worker12	row896	escalated	/home/mboyle/swarm-codex-briefs/brief-row896.md
2026-09-20T00:46:15Z	swarm-cx-worker6	row855	nudged2	/home/mboyle/swarm-codex-briefs/brief-row855-pgvector-search.md
2026-09-20T00:46:46Z	swarm-cx-worker12	row896	dispatched	/home/mboyle/swarm-codex-briefs/brief-row896.md
2026-09-20T00:56:02Z	swarm-cx-worker7	row951	done	/home/mboyle/swarm-codex-briefs/brief-row951.md
2026-09-20T00:56:02Z	swarm-cx-worker10	harness-band-frontend-capability	done	/home/mboyle/swarm-codex-briefs/brief-harness-band-frontend-capability.md
2026-09-20T00:56:08Z	swarm-cx-worker15	row924	resent	/home/mboyle/swarm-codex-briefs/brief-row924.md
2026-09-20T00:56:15Z	swarm-cx-worker14	row923	resent	/home/mboyle/swarm-codex-briefs/brief-row923.md
2026-09-20T00:56:15Z	swarm-cx-worker3	row925	done	/home/mboyle/swarm-codex-briefs/brief-row925.md
2026-09-20T00:56:15Z	swarm-cx-worker1	row945	done	/home/mboyle/swarm-codex-briefs/brief-row945.md
2026-09-20T01:03:08Z	PM	row825	aborted	/home/mboyle/swarm-codex-briefs/brief-row825.md old cut retired (O943 class B); re-issue on b9d1c8f7 as row825-r2
2026-09-20T01:03:08Z	PM	row916	aborted	/home/mboyle/swarm-codex-briefs/brief-row916.md old cut retired (O943 class B); re-issue on b9d1c8f7 as row916-r2
2026-09-20T01:06:08Z	swarm-cx-worker1	row825	dispatched	/home/mboyle/swarm-codex-briefs/brief-row825.md
2026-09-20T01:06:08Z	swarm-cx-worker12	row896	resent	/home/mboyle/swarm-codex-briefs/brief-row896.md
2026-09-20T01:06:14Z	swarm-cx-worker10	row916	dispatched	/home/mboyle/swarm-codex-briefs/brief-row916.md
2026-09-20T01:06:14Z	swarm-cx-worker6	row855	nudged3	/home/mboyle/swarm-codex-briefs/brief-row855-pgvector-search.md
2026-09-20T01:16:08Z	swarm-cx-worker15	row924	nudged1	/home/mboyle/swarm-codex-briefs/brief-row924.md
2026-09-20T01:16:08Z	swarm-cx-worker14	row923	done	/home/mboyle/swarm-codex-briefs/brief-row923.md
2026-09-20T01:26:07Z	swarm-cx-worker12	row896	nudged1	/home/mboyle/swarm-codex-briefs/brief-row896.md
2026-09-20T01:26:07Z	swarm-cx-worker1	row825	aborted	/home/mboyle/swarm-codex-briefs/brief-row825.md
2026-09-20T01:26:08Z	swarm-worker-A18-A	lessons-2	done	/home/mboyle/swarm-codex-briefs/brief-lessons-2.md
2026-09-20T01:26:14Z	swarm-cx-worker6	row855	nudged4	/home/mboyle/swarm-codex-briefs/brief-row855-pgvector-search.md
2026-09-20T01:26:14Z	swarm-cx-worker10	row916	done	/home/mboyle/swarm-codex-briefs/brief-row916.md
2026-09-20T01:36:01Z	swarm-cx-worker15	row924	done	/home/mboyle/swarm-codex-briefs/brief-row924.md
2026-09-20T02:03:23Z	PM	row896	aborted	/home/mboyle/swarm-codex-briefs/brief-row896.md old cut retired; re-issue on b9d1c8f7 (O943)
2026-09-20T02:06:05Z	PM	row894	aborted	/home/mboyle/swarm-codex-briefs/brief-row894.md old cut retired; re-issue on b9d1c8f7 (O961)
2026-09-20T02:06:05Z	PM	row911	aborted	/home/mboyle/swarm-codex-briefs/brief-row911.md old cut retired; re-issue on b9d1c8f7 (O943)
2026-09-20T02:26:39Z	swarm-worker-A1-A	row659-cx-b-rb1	dispatched	harness-work/REBASE/REBASE-row659-cx-b.md
2026-09-20T02:26:48Z	swarm-worker-A2-A	row660c-lu-rb1	dispatched	harness-work/REBASE/REBASE-row660c-lu.md
2026-09-20T02:26:56Z	swarm-worker-A3-A	row663b-rb1	dispatched	harness-work/REBASE/REBASE-row663b.md
2026-09-20T02:27:04Z	swarm-worker-A4-A	row677-cx-d-rb1	dispatched	harness-work/REBASE/REBASE-row677-cx-d.md
2026-09-20T02:27:12Z	swarm-worker-A5-A	row700b-cx-c-rb1	dispatched	harness-work/REBASE/REBASE-row700b-cx-c.md
2026-09-20T02:27:21Z	swarm-worker-A6-A	row707-A17-A-r95b-local-rb1	dispatched	harness-work/REBASE/REBASE-row707-A17-A-r95b-local.md
2026-09-20T02:27:29Z	swarm-agy-worker1	row716-mirror-lu-cx-b-rb1	dispatched	harness-work/REBASE/REBASE-row716-mirror-lu-cx-b.md
2026-09-20T02:27:35Z	swarm-agy-worker2	row807-A11-A-local-rb1	dispatched	harness-work/REBASE/REBASE-row807-A11-A-local.md
2026-09-20T02:27:41Z	swarm-agy-worker3	row-deployhealthb-rb1	dispatched	harness-work/REBASE/REBASE-row-deployhealthb.md
2026-09-20T02:27:48Z	swarm-agy-worker4	rowmutlib-ssrf-rb1	dispatched	harness-work/REBASE/REBASE-rowmutlib-ssrf.md
2026-09-20T02:27:54Z	swarm-agy-worker5	rows706-714b-rb1	dispatched	harness-work/REBASE/REBASE-rows706-714b.md
2026-09-20T02:28:00Z	swarm-agy-worker6	rows731-732-lu-rb1	dispatched	harness-work/REBASE/REBASE-rows731-732-lu.md
2026-09-20T02:38:09Z	swarm-agy-teamlead1	rows744-745-746-cx-c-rb2	dispatched	harness-work/REBASE/REBASE-rows744-745-746-cx-c.md
2026-09-20T02:38:16Z	swarm-agy-teamlead1	row470-A1A-rebase-95b9bdd9-local-rb2	dispatched	harness-work/REBASE/REBASE-row470-A1A-rebase-95b9bdd9-local.md
2026-09-20T02:38:22Z	swarm-agy-teamlead1	row483b-cx-b-rb2	dispatched	harness-work/REBASE/REBASE-row483b-cx-b.md
2026-09-20T02:38:29Z	swarm-agy-teamlead1	row648e-cx-scout648-local-rb2	dispatched	harness-work/REBASE/REBASE-row648e-cx-scout648-local.md
2026-09-20T02:38:37Z	swarm-agy-teamlead1	row654-swarm-worker-A10-A-local-rb2	dispatched	harness-work/REBASE/REBASE-row654-swarm-worker-A10-A-local.md
2026-09-20T02:38:45Z	swarm-agy-teamlead1	row656-1205-rwe-local-rb2	dispatched	harness-work/REBASE/REBASE-row656-1205-rwe-local.md
2026-09-20T02:47:04Z	PM	row843	aborted	/home/mboyle/swarm-codex-briefs/brief-row843.md old cut retired; re-issue on b9d1c8f7 (O943)
2026-09-20T02:47:04Z	PM	row868	aborted	/home/mboyle/swarm-codex-briefs/brief-row868.md old cut retired; re-issue on b9d1c8f7 (O943)
2026-09-20T02:47:04Z	PM	row870	aborted	/home/mboyle/swarm-codex-briefs/brief-row870.md old cut retired; re-issue on b9d1c8f7 (O943)
2026-09-20T02:47:04Z	PM	row875	aborted	/home/mboyle/swarm-codex-briefs/brief-row875.md old cut retired; re-issue on b9d1c8f7 (O943)
2026-09-20T02:47:04Z	PM	row883	aborted	/home/mboyle/swarm-codex-briefs/brief-row883.md old cut retired; re-issue on b9d1c8f7 (O943)
2026-09-20T02:47:04Z	PM	row908	aborted	/home/mboyle/swarm-codex-briefs/brief-row908.md old cut retired; re-issue on b9d1c8f7 (O943)
2026-09-20T02:47:04Z	PM	row913	aborted	/home/mboyle/swarm-codex-briefs/brief-row913.md old cut retired; re-issue on b9d1c8f7 (O943)
2026-09-20T02:47:04Z	PM	row915	aborted	/home/mboyle/swarm-codex-briefs/brief-row915.md old cut retired; re-issue on b9d1c8f7 (O943)
2026-09-20T02:47:04Z	PM	row919	aborted	/home/mboyle/swarm-codex-briefs/brief-row919.md old cut retired; re-issue on b9d1c8f7 (O943)
2026-09-20T02:47:04Z	PM	row857-A8	aborted	/home/mboyle/swarm-codex-briefs/brief-row857-video-dedup.md old cut retired; re-issue on b9d1c8f7 (O943)
2026-09-20T03:07:24Z	PM	row853	aborted	duplicate of row887 (O971); RETIRED, closure rides 887 train; do not re-issue
2026-09-20T03:09:54Z	swarm-agy-teamlead2	rowcontract-relit-rb3	dispatched	harness-work/REBASE/REBASE-rowcontract-relit.md
2026-09-20T03:10:03Z	swarm-agy-teamlead2	rowh360b-B9-B-local-rb3	dispatched	harness-work/REBASE/REBASE-rowh360b-B9-B-local.md
2026-09-20T03:10:09Z	swarm-agy-teamlead2	rows455-675c-cx-c-rb3	dispatched	harness-work/REBASE/REBASE-rows455-675c-cx-c.md
2026-09-20T03:10:16Z	swarm-agy-teamlead2	rowci-docsonlyb-lu-cx-b-rb3	dispatched	harness-work/REBASE/REBASE-rowci-docsonlyb-lu-cx-b.md
2026-09-20T03:10:22Z	swarm-agy-teamlead2	roww3-auditorsc-rw6-rb3	dispatched	harness-work/REBASE/REBASE-roww3-auditorsc-rw6.md
2026-09-20T03:10:29Z	swarm-agy-teamlead2	roww6-loginmemberc-rb3	dispatched	harness-work/REBASE/REBASE-roww6-loginmemberc.md
2026-09-20T03:36:02Z	PM	rows744-745-746-cx-c-rb2	aborted	MISLABELED (row720 content under 744-746 slug); RETIRED per O974; 744-746 ride cx-d
2026-09-20T03:44:29Z	swarm-agy-teamlead1	rows744-745-746-cx-d-rb4	dispatched	harness-work/REBASE/REBASE-rows744-745-746-cx-d.md
2026-09-20T03:44:35Z	swarm-agy-teamlead1	rowgitea-ci-compat-rb4	dispatched	harness-work/REBASE/REBASE-rowgitea-ci-compat.md
2026-09-20T03:44:44Z	swarm-agy-teamlead1	rowREWORK-rowcutF-gitignore-zero-denominator-20260909T1040Z-cx-15-rb4	dispatched	harness-work/REBASE/REBASE-rowREWORK-rowcutF-gitignore-zero-denominator-20260909T1040Z-cx-15.md
2026-09-20T03:44:50Z	swarm-agy-teamlead1	rowh1191b-rb4	dispatched	harness-work/REBASE/REBASE-rowh1191b.md
2026-09-20T03:44:56Z	swarm-agy-teamlead1	roww4-cdn403d-cx-b-rb4	dispatched	harness-work/REBASE/REBASE-roww4-cdn403d-cx-b.md
2026-09-20T03:45:05Z	swarm-agy-teamlead1	rowbd-cx-worker7-row775d-local-rb4	dispatched	harness-work/REBASE/REBASE-rowbd-cx-worker7-row775d-local.md
2026-09-20T04:14:59Z	swarm-agy-worker1	row716-mirror-lu-cx-b-rb1	done	harness-work/REBASE/REBASE-row716-mirror-lu-cx-b.md
2026-09-20T04:15:05Z	swarm-agy-worker1	row896	dispatched	/home/mboyle/swarm-codex-briefs/brief-row896.md
2026-09-20T04:15:11Z	swarm-agy-worker10	row896	dispatched	/home/mboyle/swarm-codex-briefs/brief-row896.md
2026-09-20T04:15:11Z	swarm-agy-worker2	row807-A11-A-local-rb1	done	harness-work/REBASE/REBASE-row807-A11-A-local.md
2026-09-20T04:15:13Z	swarm-agy-worker10	row843	dispatched	/home/mboyle/swarm-codex-briefs/brief-row843.md
2026-09-20T04:15:19Z	swarm-agy-worker2	row843	dispatched	/home/mboyle/swarm-codex-briefs/brief-row843.md
2026-09-20T04:15:19Z	swarm-agy-worker3	row-deployhealthb-rb1	done	harness-work/REBASE/REBASE-row-deployhealthb.md
2026-09-20T04:15:19Z	swarm-agy-worker2	row883	dispatched	/home/mboyle/swarm-codex-briefs/brief-row883.md
2026-09-20T04:15:25Z	swarm-agy-worker3	row894	dispatched	/home/mboyle/swarm-codex-briefs/brief-row894.md
2026-09-20T04:15:25Z	swarm-agy-worker4	rowmutlib-ssrf-rb1	done	harness-work/REBASE/REBASE-rowmutlib-ssrf.md
2026-09-20T04:15:28Z	swarm-agy-worker3	row883	dispatched	/home/mboyle/swarm-codex-briefs/brief-row883.md
2026-09-20T04:15:28Z	swarm-agy-worker5	rows706-714b-rb1	done	harness-work/REBASE/REBASE-rows706-714b.md
2026-09-20T04:15:31Z	swarm-agy-worker4	row911	dispatched	/home/mboyle/swarm-codex-briefs/brief-row911.md
2026-09-20T04:15:37Z	swarm-agy-worker5	row868	dispatched	/home/mboyle/swarm-codex-briefs/brief-row868.md
2026-09-20T04:15:38Z	swarm-agy-worker5	row911	dispatched	/home/mboyle/swarm-codex-briefs/brief-row911.md
2026-09-20T04:15:38Z	swarm-agy-worker6	rows731-732-lu-rb1	done	harness-work/REBASE/REBASE-rows731-732-lu.md
2026-09-20T04:15:48Z	swarm-agy-worker6	row870	dispatched	/home/mboyle/swarm-codex-briefs/brief-row870.md
2026-09-20T04:15:58Z	swarm-agy-worker7	row875	dispatched	/home/mboyle/swarm-codex-briefs/brief-row875.md
2026-09-20T04:16:01Z	swarm-worker-A1-A	row659-cx-b-rb1	done	harness-work/REBASE/REBASE-row659-cx-b.md
2026-09-20T04:16:01Z	swarm-cx-worker12	row896	gone	/home/mboyle/swarm-codex-briefs/brief-row896.md
2026-09-20T04:16:01Z	swarm-agy-teamlead1	row648e-cx-scout648-local-rb2	done	harness-work/REBASE/REBASE-row648e-cx-scout648-local.md
2026-09-20T04:16:01Z	swarm-agy-teamlead1	row654-swarm-worker-A10-A-local-rb2	done	harness-work/REBASE/REBASE-row654-swarm-worker-A10-A-local.md
2026-09-20T04:16:01Z	swarm-agy-teamlead1	rows744-745-746-cx-c-rb2	done	harness-work/REBASE/REBASE-rows744-745-746-cx-c.md
2026-09-20T04:16:01Z	swarm-cx-worker1	row825	gone	/home/mboyle/swarm-codex-briefs/brief-row825.md
2026-09-20T04:16:02Z	swarm-agy-teamlead2	rowci-docsonlyb-lu-cx-b-rb3	done	harness-work/REBASE/REBASE-rowci-docsonlyb-lu-cx-b.md
2026-09-20T04:16:02Z	swarm-worker-A4-A	row677-cx-d-rb1	done	harness-work/REBASE/REBASE-row677-cx-d.md
2026-09-20T04:16:02Z	swarm-agy-teamlead2	rowh360b-B9-B-local-rb3	done	harness-work/REBASE/REBASE-rowh360b-B9-B-local.md
2026-09-20T04:16:02Z	swarm-agy-teamlead1	rowh1191b-rb4	done	harness-work/REBASE/REBASE-rowh1191b.md
2026-09-20T04:16:02Z	swarm-agy-teamlead2	roww3-auditorsc-rw6-rb3	done	harness-work/REBASE/REBASE-roww3-auditorsc-rw6.md
2026-09-20T04:16:02Z	swarm-worker-A3-A	row663b-rb1	done	harness-work/REBASE/REBASE-row663b.md
2026-09-20T04:16:02Z	swarm-agy-teamlead1	rowREWORK-rowcutF-gitignore-zero-denominator-20260909T1040Z-cx-15-rb4	done	harness-work/REBASE/REBASE-rowREWORK-rowcutF-gitignore-zero-denominator-20260909T1040Z-cx-15.md
2026-09-20T04:16:02Z	swarm-cx-worker6	row855	gone	/home/mboyle/swarm-codex-briefs/brief-row855-pgvector-search.md
2026-09-20T04:16:02Z	swarm-agy-teamlead1	roww4-cdn403d-cx-b-rb4	done	harness-work/REBASE/REBASE-roww4-cdn403d-cx-b.md
2026-09-20T04:16:02Z	swarm-agy-teamlead1	row656-1205-rwe-local-rb2	done	harness-work/REBASE/REBASE-row656-1205-rwe-local.md
2026-09-20T04:16:02Z	swarm-agy-teamlead1	rowgitea-ci-compat-rb4	done	harness-work/REBASE/REBASE-rowgitea-ci-compat.md
2026-09-20T04:16:02Z	swarm-agy-teamlead1	row483b-cx-b-rb2	done	harness-work/REBASE/REBASE-row483b-cx-b.md
2026-09-20T04:16:03Z	swarm-agy-teamlead1	rowbd-cx-worker7-row775d-local-rb4	done	harness-work/REBASE/REBASE-rowbd-cx-worker7-row775d-local.md
2026-09-20T04:16:03Z	swarm-worker-A5-A	row700b-cx-c-rb1	done	harness-work/REBASE/REBASE-row700b-cx-c.md
2026-09-20T04:16:03Z	swarm-agy-teamlead2	roww6-loginmemberc-rb3	done	harness-work/REBASE/REBASE-roww6-loginmemberc.md
2026-09-20T04:16:03Z	swarm-agy-teamlead1	rows744-745-746-cx-d-rb4	done	harness-work/REBASE/REBASE-rows744-745-746-cx-d.md
2026-09-20T04:16:03Z	swarm-agy-teamlead2	rows455-675c-cx-c-rb3	done	harness-work/REBASE/REBASE-rows455-675c-cx-c.md
2026-09-20T04:16:03Z	swarm-worker-A6-A	row707-A17-A-r95b-local-rb1	done	harness-work/REBASE/REBASE-row707-A17-A-r95b-local.md
2026-09-20T04:16:03Z	swarm-agy-teamlead1	row470-A1A-rebase-95b9bdd9-local-rb2	done	harness-work/REBASE/REBASE-row470-A1A-rebase-95b9bdd9-local.md
2026-09-20T04:16:03Z	swarm-worker-A2-A	row660c-lu-rb1	done	harness-work/REBASE/REBASE-row660c-lu.md
2026-09-20T04:16:03Z	swarm-cx-worker9	row920	gone	/home/mboyle/swarm-codex-briefs/brief-row920.md
2026-09-20T04:16:03Z	swarm-agy-teamlead2	rowcontract-relit-rb3	done	harness-work/REBASE/REBASE-rowcontract-relit.md
2026-09-20T04:16:09Z	swarm-agy-worker10	row896	aborted	/home/mboyle/swarm-codex-briefs/brief-row896.md
2026-09-20T04:16:16Z	swarm-agy-worker2	row843	aborted	/home/mboyle/swarm-codex-briefs/brief-row843.md
2026-09-20T04:16:22Z	swarm-agy-worker3	row883	aborted	/home/mboyle/swarm-codex-briefs/brief-row883.md
2026-09-20T04:16:28Z	swarm-agy-worker5	row911	aborted	/home/mboyle/swarm-codex-briefs/brief-row911.md
2026-09-20T04:18:01Z	swarm-agy-worker1	row896	done	/home/mboyle/swarm-codex-briefs/brief-row896.md
2026-09-20T04:18:11Z	swarm-agy-worker1	row943	dispatched	/home/mboyle/swarm-codex-briefs/brief-row943.md
2026-09-20T04:18:11Z	swarm-agy-worker10	row843	done	/home/mboyle/swarm-codex-briefs/brief-row843.md
2026-09-20T04:18:21Z	swarm-agy-worker10	row933	dispatched	/home/mboyle/swarm-codex-briefs/brief-row933.md
2026-09-20T04:18:21Z	swarm-agy-worker2	row883	done	/home/mboyle/swarm-codex-briefs/brief-row883.md
2026-09-20T04:18:31Z	swarm-agy-worker2	row934	dispatched	/home/mboyle/swarm-codex-briefs/brief-row934.md
2026-09-20T04:18:31Z	swarm-agy-worker3	row894	done	/home/mboyle/swarm-codex-briefs/brief-row894.md
2026-09-20T04:18:41Z	swarm-agy-worker3	row944	dispatched	/home/mboyle/swarm-codex-briefs/brief-row944.md
2026-09-20T04:18:41Z	swarm-agy-worker4	row911	done	/home/mboyle/swarm-codex-briefs/brief-row911.md
2026-09-20T04:18:51Z	swarm-agy-worker4	row946	dispatched	/home/mboyle/swarm-codex-briefs/brief-row946.md
2026-09-20T04:18:51Z	swarm-agy-worker5	row868	done	/home/mboyle/swarm-codex-briefs/brief-row868.md
2026-09-20T04:18:59Z	swarm-agy-worker5	row947	dispatched	/home/mboyle/swarm-codex-briefs/brief-row947.md
2026-09-20T04:20:55Z	swarm-agy-worker2	row883	dispatched	/home/mboyle/swarm-codex-briefs/brief-row883.md
2026-09-20T04:20:55Z	swarm-agy-worker3	row894	dispatched	/home/mboyle/swarm-codex-briefs/brief-row894.md
2026-09-20T04:20:55Z	swarm-agy-worker4	row911	dispatched	/home/mboyle/swarm-codex-briefs/brief-row911.md
2026-09-20T04:20:55Z	swarm-agy-worker5	row868	dispatched	/home/mboyle/swarm-codex-briefs/brief-row868.md
2026-09-20T04:20:55Z	swarm-agy-worker2	row934	aborted	/home/mboyle/swarm-codex-briefs/brief-row934.md
2026-09-20T04:20:55Z	swarm-agy-worker3	row944	aborted	/home/mboyle/swarm-codex-briefs/brief-row944.md
2026-09-20T04:21:09Z	swarm-agy-worker8	row934	dispatched	/home/mboyle/swarm-codex-briefs/brief-row934.md
2026-09-20T04:20:55Z	swarm-agy-worker4	row946	aborted	/home/mboyle/swarm-codex-briefs/brief-row946.md
2026-09-20T04:21:17Z	swarm-agy-worker9	row944	dispatched	/home/mboyle/swarm-codex-briefs/brief-row944.md
2026-09-20T04:20:55Z	swarm-agy-worker5	row947	aborted	/home/mboyle/swarm-codex-briefs/brief-row947.md
2026-09-20T04:21:27Z	swarm-worker-A10-A	row946	dispatched	/home/mboyle/swarm-codex-briefs/brief-row946.md
2026-09-20T04:21:37Z	swarm-worker-A2-A	row947	dispatched	/home/mboyle/swarm-codex-briefs/brief-row947.md
2026-09-20T04:21:46Z	swarm-agy-worker1	row896	dispatched	/home/mboyle/swarm-codex-briefs/brief-row896.md
2026-09-20T04:21:46Z	swarm-agy-worker1	row943	aborted	/home/mboyle/swarm-codex-briefs/brief-row943.md
2026-09-20T04:24:01Z	swarm-agy-worker1	row896	done	/home/mboyle/swarm-codex-briefs/brief-row896.md
2026-09-20T04:24:09Z	swarm-agy-worker1	row943	dispatched	/home/mboyle/swarm-codex-briefs/brief-row943.md
2026-09-20T04:24:09Z	swarm-agy-worker10	row933	done	/home/mboyle/swarm-codex-briefs/brief-row933.md
2026-09-20T04:36:01Z	swarm-agy-worker7	row875	done	/home/mboyle/swarm-codex-briefs/brief-row875.md
2026-09-20T04:36:01Z	swarm-agy-worker4	row911	done	/home/mboyle/swarm-codex-briefs/brief-row911.md
2026-09-20T04:36:01Z	swarm-agy-worker5	row868	done	/home/mboyle/swarm-codex-briefs/brief-row868.md
2026-09-20T04:36:01Z	swarm-agy-worker2	row883	done	/home/mboyle/swarm-codex-briefs/brief-row883.md
2026-09-20T04:36:01Z	swarm-agy-worker3	row894	done	/home/mboyle/swarm-codex-briefs/brief-row894.md
2026-09-20T04:36:02Z	swarm-agy-worker6	row870	done	/home/mboyle/swarm-codex-briefs/brief-row870.md
2026-09-20T04:46:01Z	swarm-agy-worker1	row943	done	/home/mboyle/swarm-codex-briefs/brief-row943.md
2026-09-20T04:46:01Z	swarm-agy-worker9	row944	done	/home/mboyle/swarm-codex-briefs/brief-row944.md
2026-09-20T04:46:01Z	swarm-agy-worker8	row934	done	/home/mboyle/swarm-codex-briefs/brief-row934.md
2026-09-20T04:46:02Z	swarm-worker-A2-A	row947	done	/home/mboyle/swarm-codex-briefs/brief-row947.md
2026-09-20T04:46:02Z	swarm-worker-A10-A	row946	done	/home/mboyle/swarm-codex-briefs/brief-row946.md
2026-09-20T04:51:08Z	swarm-agy-worker1	row927	dispatched	/home/mboyle/swarm-codex-briefs/brief-row927.md
2026-09-20T04:51:16Z	swarm-agy-worker10	row948	dispatched	/home/mboyle/swarm-codex-briefs/brief-row948.md
2026-09-20T04:51:23Z	swarm-agy-worker2	row949	dispatched	/home/mboyle/swarm-codex-briefs/brief-row949.md
2026-09-20T04:51:31Z	swarm-agy-worker3	row950	dispatched	/home/mboyle/swarm-codex-briefs/brief-row950.md
2026-09-20T04:51:38Z	swarm-agy-worker4	row926	dispatched	/home/mboyle/swarm-codex-briefs/brief-row926.md
2026-09-20T04:51:46Z	swarm-agy-worker5	row952	dispatched	/home/mboyle/swarm-codex-briefs/brief-row952.md
2026-09-20T04:52:45Z	swarm-agy-worker10	row843	done	/home/mboyle/swarm-codex-briefs/brief-row843.md
2026-09-20T04:53:41Z	swarm-agy-teamlead2	rowinstalldirb-rb5	dispatched	${SWARM_PERSIST_DIR}/harness-work/REBASE/REBASE-rowinstalldirb.md
2026-09-20T04:53:47Z	swarm-agy-teamlead2	roww6-reqconsolidate-cx-e-cx-b-rb5	dispatched	${SWARM_PERSIST_DIR}/harness-work/REBASE/REBASE-roww6-reqconsolidate-cx-e-cx-b.md
2026-09-20T04:53:56Z	swarm-agy-teamlead2	rowpytest-banners-r6-rb5	dispatched	${SWARM_PERSIST_DIR}/harness-work/REBASE/REBASE-rowpytest-banners-r6.md
2026-09-20T04:54:02Z	swarm-agy-teamlead2	rowpytest-banners-r8-rb5	dispatched	${SWARM_PERSIST_DIR}/harness-work/REBASE/REBASE-rowpytest-banners-r8.md
2026-09-20T04:54:08Z	swarm-agy-teamlead2	row686bc-cx-b-rb5	dispatched	${SWARM_PERSIST_DIR}/harness-work/REBASE/REBASE-row686bc-cx-b.md
2026-09-20T04:54:14Z	swarm-agy-teamlead2	row794-cx-worker4-rb2-local-rb5	dispatched	${SWARM_PERSIST_DIR}/harness-work/REBASE/REBASE-row794-cx-worker4-rb2-local.md
2026-09-20T05:03:01Z	swarm-agy-worker10	row948	done	/home/mboyle/swarm-codex-briefs/brief-row948.md
2026-09-20T05:03:09Z	swarm-agy-worker10	row919	dispatched	/home/mboyle/swarm-codex-briefs/brief-row919.md
2026-09-20T05:03:09Z	swarm-agy-worker3	row950	done	/home/mboyle/swarm-codex-briefs/brief-row950.md
2026-09-20T05:03:17Z	swarm-agy-worker3	row908	dispatched	/home/mboyle/swarm-codex-briefs/brief-row908.md
2026-09-20T05:03:17Z	swarm-agy-worker5	row952	done	/home/mboyle/swarm-codex-briefs/brief-row952.md
2026-09-20T05:03:24Z	swarm-agy-worker5	row913	dispatched	/home/mboyle/swarm-codex-briefs/brief-row913.md
2026-09-20T05:03:34Z	swarm-agy-worker6	row915	dispatched	/home/mboyle/swarm-codex-briefs/brief-row915.md
2026-09-20T05:16:01Z	swarm-agy-teamlead2	row794-cx-worker4-rb2-local-rb5	aborted	${SWARM_PERSIST_DIR}/harness-work/REBASE/REBASE-row794-cx-worker4-rb2-local.md
2026-09-20T05:16:01Z	swarm-agy-teamlead2	rowpytest-banners-r6-rb5	aborted	${SWARM_PERSIST_DIR}/harness-work/REBASE/REBASE-rowpytest-banners-r6.md
2026-09-20T05:16:02Z	swarm-agy-teamlead2	rowinstalldirb-rb5	aborted	${SWARM_PERSIST_DIR}/harness-work/REBASE/REBASE-rowinstalldirb.md
2026-09-20T05:16:02Z	swarm-agy-teamlead2	roww6-reqconsolidate-cx-e-cx-b-rb5	aborted	${SWARM_PERSIST_DIR}/harness-work/REBASE/REBASE-roww6-reqconsolidate-cx-e-cx-b.md
2026-09-20T05:16:02Z	swarm-agy-teamlead2	row686bc-cx-b-rb5	aborted	${SWARM_PERSIST_DIR}/harness-work/REBASE/REBASE-row686bc-cx-b.md
2026-09-20T05:16:02Z	swarm-agy-worker1	row927	aborted	/home/mboyle/swarm-codex-briefs/brief-row927.md
2026-09-20T05:16:03Z	swarm-agy-worker4	row926	aborted	/home/mboyle/swarm-codex-briefs/brief-row926.md
2026-09-20T05:16:03Z	swarm-agy-teamlead2	rowpytest-banners-r8-rb5	aborted	${SWARM_PERSIST_DIR}/harness-work/REBASE/REBASE-rowpytest-banners-r8.md
2026-09-20T05:16:03Z	swarm-agy-worker2	row949	aborted	/home/mboyle/swarm-codex-briefs/brief-row949.md
2026-09-20T05:25:48Z	swarm-worker-A8-A	row857	aborted	/home/mboyle/swarm-codex-briefs/brief-row857-video-dedup.md
2026-09-20T05:25:48Z	swarm-worker-A9-A	row858	aborted	/home/mboyle/swarm-codex-briefs/brief-row858-token-refresh.md
2026-09-20T05:26:02Z	swarm-agy-worker3	row908	aborted	/home/mboyle/swarm-codex-briefs/brief-row908.md
2026-09-20T05:26:02Z	swarm-agy-worker5	row913	aborted	/home/mboyle/swarm-codex-briefs/brief-row913.md
2026-09-20T05:26:02Z	swarm-agy-worker6	row915	aborted	/home/mboyle/swarm-codex-briefs/brief-row915.md
2026-09-20T05:26:02Z	swarm-agy-worker10	row919	aborted	/home/mboyle/swarm-codex-briefs/brief-row919.md
2026-09-20T05:27:10Z	swarm-worker-A10-A	row857-A8	dispatched	/home/mboyle/swarm-codex-briefs/brief-row857-video-dedup.md
2026-09-20T05:36:25Z	swarm-worker-A1-A	register-cut-823-922	aborted	/home/mboyle/swarm-codex-briefs/brief-register-cut-T1.md
2026-09-20T05:36:25Z	swarm-worker-A1-A	survivors-T19	aborted	/home/mboyle/swarm-codex-briefs/brief-survivors-T19.md
2026-09-20T05:46:11Z	swarm-worker-A10-A	row857-A8	resent	/home/mboyle/swarm-codex-briefs/brief-row857-video-dedup.md
2026-09-20T06:06:01Z	swarm-worker-A10-A	row857-A8	aborted	/home/mboyle/swarm-codex-briefs/brief-row857-video-dedup.md
2026-09-20T06:54:31Z	PM	row891	aborted	/home/mboyle/swarm-codex-briefs/brief-row891.md old cut retired (O982 class B honest scope); re-issue as row891-r2 on 163c3f72, E2 fix carried (tree 71fb8af0)
2026-09-20T06:57:01Z	swarm-worker-A10-A	row857-A8	done	/home/mboyle/swarm-codex-briefs/brief-row857-video-dedup.md
2026-09-20T07:16:01Z	swarm-agy-teamlead2	row794-cx-worker4-rb2-local-rb5	done	${SWARM_PERSIST_DIR}/harness-work/REBASE/REBASE-row794-cx-worker4-rb2-local.md
2026-09-20T07:16:02Z	swarm-agy-teamlead2	rowpytest-banners-r6-rb5	done	${SWARM_PERSIST_DIR}/harness-work/REBASE/REBASE-rowpytest-banners-r6.md
2026-09-20T07:16:02Z	swarm-agy-teamlead2	rowinstalldirb-rb5	done	${SWARM_PERSIST_DIR}/harness-work/REBASE/REBASE-rowinstalldirb.md
2026-09-20T07:16:02Z	swarm-agy-teamlead2	roww6-reqconsolidate-cx-e-cx-b-rb5	done	${SWARM_PERSIST_DIR}/harness-work/REBASE/REBASE-roww6-reqconsolidate-cx-e-cx-b.md
2026-09-20T07:16:02Z	swarm-agy-teamlead2	row686bc-cx-b-rb5	done	${SWARM_PERSIST_DIR}/harness-work/REBASE/REBASE-row686bc-cx-b.md
2026-09-20T07:16:03Z	swarm-agy-teamlead2	rowpytest-banners-r8-rb5	done	${SWARM_PERSIST_DIR}/harness-work/REBASE/REBASE-rowpytest-banners-r8.md
2026-09-20T07:36:01Z	swarm-agy-worker1	row927	done	/home/mboyle/swarm-codex-briefs/brief-row927.md
2026-09-20T07:36:02Z	swarm-agy-worker2	row949	done	/home/mboyle/swarm-codex-briefs/brief-row949.md
2026-09-20T07:36:02Z	swarm-agy-worker4	row926	done	/home/mboyle/swarm-codex-briefs/brief-row926.md
2026-09-20T07:36:03Z	swarm-agy-worker4	row926	done	/home/mboyle/swarm-codex-briefs/brief-row926.md
2026-09-20T07:36:03Z	swarm-agy-worker2	row949	done	/home/mboyle/swarm-codex-briefs/brief-row949.md
2026-09-20T07:39:01Z	swarm-agy-worker10	row919	done	/home/mboyle/swarm-codex-briefs/brief-row919.md
2026-09-20T07:39:01Z	swarm-agy-worker5	row913	done	/home/mboyle/swarm-codex-briefs/brief-row913.md
2026-09-20T07:39:01Z	swarm-agy-worker6	row915	done	/home/mboyle/swarm-codex-briefs/brief-row915.md
2026-09-20T07:41:39Z	swarm-agy-teamlead1	row676-unblock-swarm-cx-worker18-local-rb6	dispatched	${SWARM_PERSIST_DIR}/harness-work/REBASE/REBASE-row676-unblock-swarm-cx-worker18-local.md
2026-09-20T07:41:46Z	swarm-agy-teamlead1	roww4-loginapib-rb6	dispatched	${SWARM_PERSIST_DIR}/harness-work/REBASE/REBASE-roww4-loginapib.md
2026-09-20T07:41:52Z	swarm-agy-teamlead1	row717-r2-worker-B1-B-local-rb6	dispatched	${SWARM_PERSIST_DIR}/harness-work/REBASE/REBASE-row717-r2-worker-B1-B-local.md
2026-09-20T07:41:58Z	swarm-agy-teamlead1	rowssrf-loopback-cx-b-rb6	dispatched	${SWARM_PERSIST_DIR}/harness-work/REBASE/REBASE-rowssrf-loopback-cx-b.md
2026-09-20T07:42:05Z	swarm-agy-teamlead1	row780-rebase-822b7330-swarm-cx-worker16-local-rb6	dispatched	${SWARM_PERSIST_DIR}/harness-work/REBASE/REBASE-row780-rebase-822b7330-swarm-cx-worker16-local.md
2026-09-20T07:42:11Z	swarm-worker-A1-A	row928	dispatched	/home/mboyle/swarm-codex-briefs/brief-row928.md
2026-09-20T07:42:11Z	swarm-agy-teamlead1	rowtoolchain-receipts-cx-toolchain-rb6	dispatched	${SWARM_PERSIST_DIR}/harness-work/REBASE/REBASE-rowtoolchain-receipts-cx-toolchain.md
2026-09-20T07:42:18Z	swarm-agy-teamlead2	row813-r2-worker-B4-B-local-rb7	dispatched	${SWARM_PERSIST_DIR}/harness-work/REBASE/REBASE-row813-r2-worker-B4-B-local.md
2026-09-20T07:42:21Z	swarm-worker-A10-A	row929	dispatched	/home/mboyle/swarm-codex-briefs/brief-row929.md
2026-09-20T07:42:24Z	swarm-agy-teamlead2	row710-night-20260909-cx-39-rb7	dispatched	${SWARM_PERSIST_DIR}/harness-work/REBASE/REBASE-row710-night-20260909-cx-39.md
2026-09-20T07:42:30Z	swarm-agy-teamlead2	row759-rework-A18-A-local-rb7	dispatched	${SWARM_PERSIST_DIR}/harness-work/REBASE/REBASE-row759-rework-A18-A-local.md
2026-09-20T07:42:30Z	swarm-worker-A2-A	row930	dispatched	/home/mboyle/swarm-codex-briefs/brief-row930.md
2026-09-20T07:42:37Z	swarm-agy-teamlead2	row800-rebase-6add188b-A20-A-local-rb7	dispatched	${SWARM_PERSIST_DIR}/harness-work/REBASE/REBASE-row800-rebase-6add188b-A20-A-local.md
2026-09-20T07:42:40Z	swarm-worker-A3-A	row931	dispatched	/home/mboyle/swarm-codex-briefs/brief-row931.md
2026-09-20T07:42:43Z	swarm-agy-teamlead2	row804-rework-A16-A-r42cb-local-rb7	dispatched	${SWARM_PERSIST_DIR}/harness-work/REBASE/REBASE-row804-rework-A16-A-r42cb-local.md
2026-09-20T07:42:50Z	swarm-worker-A4-A	row932	dispatched	/home/mboyle/swarm-codex-briefs/brief-row932.md
2026-09-20T07:45:01Z	swarm-agy-worker3	row908	done	/home/mboyle/swarm-codex-briefs/brief-row908.md
2026-09-20T07:51:01Z	swarm-worker-A4-A	row932	done	/home/mboyle/swarm-codex-briefs/brief-row932.md
2026-09-20T07:53:52Z	swarm-worker-A1-A	row676-unblock-swarm-cx-worker18-local-rb8	dispatched	harness-work/REBASE/REBASE-row676-unblock-swarm-cx-worker18-local.md
2026-09-20T07:54:01Z	swarm-worker-A2-A	row686bc-cx-b-rb8	dispatched	harness-work/REBASE/REBASE-row686bc-cx-b.md
2026-09-20T07:54:02Z	swarm-worker-A3-A	row931	done	/home/mboyle/swarm-codex-briefs/brief-row931.md
2026-09-20T07:54:09Z	swarm-worker-A3-A	row717-r2-worker-B1-B-local-rb8	dispatched	harness-work/REBASE/REBASE-row717-r2-worker-B1-B-local.md
2026-09-20T07:54:17Z	swarm-worker-A4-A	row794-cx-worker4-rb2-local-rb8	dispatched	harness-work/REBASE/REBASE-row794-cx-worker4-rb2-local.md
2026-09-20T07:54:26Z	swarm-worker-A5-A	rowpytest-banners-r6-rb8	dispatched	harness-work/REBASE/REBASE-rowpytest-banners-r6.md
2026-09-20T07:54:34Z	swarm-worker-A6-A	rowssrf-loopback-cx-b-rb8	dispatched	harness-work/REBASE/REBASE-rowssrf-loopback-cx-b.md
2026-09-20T07:54:42Z	swarm-worker-A7-A	roww4-loginapib-rb8	dispatched	harness-work/REBASE/REBASE-roww4-loginapib.md
2026-09-20T07:54:50Z	swarm-worker-A8-A	row780-rebase-822b7330-swarm-cx-worker16-local-rb8	dispatched	harness-work/REBASE/REBASE-row780-rebase-822b7330-swarm-cx-worker16-local.md
2026-09-20T07:56:36Z	PM	row915	aborted	/home/mboyle/swarm-codex-briefs/brief-row915.md r2 cut retired (O986 class B: seam tests); re-issue as row915-r3 on b9d1c8f7
2026-09-20T07:57:01Z	swarm-worker-A3-A	row717-r2-worker-B1-B-local-rb8	done	harness-work/REBASE/REBASE-row717-r2-worker-B1-B-local.md
2026-09-20T08:00:01Z	swarm-worker-A4-A	row794-cx-worker4-rb2-local-rb8	done	harness-work/REBASE/REBASE-row794-cx-worker4-rb2-local.md
2026-09-20T08:00:01Z	swarm-worker-A6-A	rowssrf-loopback-cx-b-rb8	done	harness-work/REBASE/REBASE-rowssrf-loopback-cx-b.md
2026-09-20T08:03:01Z	swarm-worker-A1-A	row676-unblock-swarm-cx-worker18-local-rb8	done	harness-work/REBASE/REBASE-row676-unblock-swarm-cx-worker18-local.md
2026-09-20T08:03:01Z	swarm-worker-A1-A	row928	done	/home/mboyle/swarm-codex-briefs/brief-row928.md
2026-09-20T08:03:01Z	swarm-worker-A10-A	row929	done	/home/mboyle/swarm-codex-briefs/brief-row929.md
2026-09-20T08:03:02Z	swarm-worker-A2-A	row930	done	/home/mboyle/swarm-codex-briefs/brief-row930.md
2026-09-20T08:06:01Z	swarm-agy-teamlead2	row800-rebase-6add188b-A20-A-local-rb7	done	${SWARM_PERSIST_DIR}/harness-work/REBASE/REBASE-row800-rebase-6add188b-A20-A-local.md
2026-09-20T08:06:01Z	swarm-agy-teamlead1	row676-unblock-swarm-cx-worker18-local-rb6	done	${SWARM_PERSIST_DIR}/harness-work/REBASE/REBASE-row676-unblock-swarm-cx-worker18-local.md
2026-09-20T08:06:01Z	swarm-agy-teamlead2	row759-rework-A18-A-local-rb7	done	${SWARM_PERSIST_DIR}/harness-work/REBASE/REBASE-row759-rework-A18-A-local.md
2026-09-20T08:06:02Z	swarm-agy-teamlead2	row710-night-20260909-cx-39-rb7	done	${SWARM_PERSIST_DIR}/harness-work/REBASE/REBASE-row710-night-20260909-cx-39.md
2026-09-20T08:06:02Z	swarm-agy-teamlead1	row780-rebase-822b7330-swarm-cx-worker16-local-rb6	done	${SWARM_PERSIST_DIR}/harness-work/REBASE/REBASE-row780-rebase-822b7330-swarm-cx-worker16-local.md
2026-09-20T08:06:02Z	swarm-agy-teamlead2	row813-r2-worker-B4-B-local-rb7	done	${SWARM_PERSIST_DIR}/harness-work/REBASE/REBASE-row813-r2-worker-B4-B-local.md
2026-09-20T08:06:02Z	swarm-agy-teamlead1	rowtoolchain-receipts-cx-toolchain-rb6	done	${SWARM_PERSIST_DIR}/harness-work/REBASE/REBASE-rowtoolchain-receipts-cx-toolchain.md
2026-09-20T08:06:02Z	swarm-agy-teamlead1	rowssrf-loopback-cx-b-rb6	done	${SWARM_PERSIST_DIR}/harness-work/REBASE/REBASE-rowssrf-loopback-cx-b.md
2026-09-20T08:06:02Z	swarm-agy-teamlead1	row717-r2-worker-B1-B-local-rb6	done	${SWARM_PERSIST_DIR}/harness-work/REBASE/REBASE-row717-r2-worker-B1-B-local.md
2026-09-20T08:06:02Z	swarm-agy-teamlead2	row804-rework-A16-A-r42cb-local-rb7	done	${SWARM_PERSIST_DIR}/harness-work/REBASE/REBASE-row804-rework-A16-A-r42cb-local.md
2026-09-20T08:06:02Z	swarm-agy-teamlead1	roww4-loginapib-rb6	done	${SWARM_PERSIST_DIR}/harness-work/REBASE/REBASE-roww4-loginapib.md
2026-09-20T08:09:02Z	swarm-worker-A2-A	row686bc-cx-b-rb8	done	harness-work/REBASE/REBASE-row686bc-cx-b.md
2026-09-20T08:09:02Z	swarm-worker-A8-A	row780-rebase-822b7330-swarm-cx-worker16-local-rb8	done	harness-work/REBASE/REBASE-row780-rebase-822b7330-swarm-cx-worker16-local.md
2026-09-20T08:10:09Z	swarm-agy-worker6	row915	done	/home/mboyle/swarm-codex-briefs/brief-row915.md (r3, self-picked from fixer notice; queue line removed)
2026-09-20T08:16:10Z	swarm-worker-A7-A	roww4-loginapib-rb8	resent	harness-work/REBASE/REBASE-roww4-loginapib.md
2026-09-20T08:16:10Z	swarm-worker-A5-A	rowpytest-banners-r6-rb8	aborted	harness-work/REBASE/REBASE-rowpytest-banners-r6.md
2026-09-20T08:18:02Z	swarm-worker-A5-A	rowpytest-banners-r6-rb8	done	harness-work/REBASE/REBASE-rowpytest-banners-r6.md
2026-09-20T08:33:01Z	swarm-worker-A7-A	roww4-loginapib-rb8	done	harness-work/REBASE/REBASE-roww4-loginapib.md
2026-09-20T08:42:08Z	swarm-agy-worker1	row891	dispatched	/home/mboyle/swarm-codex-briefs/brief-row891.md
2026-09-20T08:42:16Z	swarm-agy-worker10	row935	dispatched	/home/mboyle/swarm-codex-briefs/ROW935-20260920T080729Z.md
2026-09-20T08:42:23Z	swarm-agy-worker2	row937	dispatched	/home/mboyle/swarm-codex-briefs/ROW937-20260920T080729Z.md
2026-09-20T08:42:32Z	swarm-agy-worker3	row940	dispatched	/home/mboyle/swarm-codex-briefs/ROW940-20260920T080729Z.md
2026-09-20T08:42:39Z	swarm-agy-worker4	row941	dispatched	/home/mboyle/swarm-codex-briefs/ROW941-20260920T080729Z.md
2026-09-20T08:42:47Z	swarm-agy-worker5	row942	dispatched	/home/mboyle/swarm-codex-briefs/ROW942-20260920T080729Z.md
2026-09-20T09:06:01Z	swarm-agy-worker5	row942	aborted	/home/mboyle/swarm-codex-briefs/ROW942-20260920T080729Z.md
2026-09-20T09:06:02Z	swarm-agy-worker4	row941	aborted	/home/mboyle/swarm-codex-briefs/ROW941-20260920T080729Z.md
2026-09-20T09:06:02Z	swarm-agy-worker1	row891	done	/home/mboyle/swarm-codex-briefs/brief-row891.md
2026-09-20T09:06:03Z	swarm-agy-worker10	row935	aborted	/home/mboyle/swarm-codex-briefs/ROW935-20260920T080729Z.md
2026-09-20T09:06:03Z	swarm-agy-worker3	row940	aborted	/home/mboyle/swarm-codex-briefs/ROW940-20260920T080729Z.md
2026-09-20T09:06:04Z	swarm-agy-worker2	row937	aborted	/home/mboyle/swarm-codex-briefs/ROW937-20260920T080729Z.md
2026-09-20T10:06:01Z	swarm-agy-worker5	row942	done	/home/mboyle/swarm-codex-briefs/ROW942-20260920T080729Z.md
2026-09-20T10:11:29Z	swarm-worker-A1-A	row660c-lu-rb1-local-fx1	dispatched	harness-work/FIX/FIX-row660c-lu-rb1-local.md
2026-09-20T10:11:37Z	swarm-worker-A2-A	row823-local-fx1	dispatched	harness-work/FIX/FIX-row823-local.md
2026-09-20T10:11:45Z	swarm-worker-A3-A	row827-local-fx1	dispatched	harness-work/FIX/FIX-row827-local.md
2026-09-20T10:11:54Z	swarm-worker-A4-A	row833-local-fx1	dispatched	harness-work/FIX/FIX-row833-local.md
2026-09-20T10:12:02Z	swarm-worker-A5-A	row882-local-fx1	dispatched	harness-work/FIX/FIX-row882-local.md
2026-09-20T10:12:10Z	swarm-worker-A6-A	row887-local-fx1	dispatched	harness-work/FIX/FIX-row887-local.md
2026-09-20T10:12:18Z	swarm-worker-A7-A	row890-local-fx1	dispatched	harness-work/FIX/FIX-row890-local.md
2026-09-20T10:12:27Z	swarm-worker-A8-A	row897-local-fx1	dispatched	harness-work/FIX/FIX-row897-local.md
2026-09-20T10:12:35Z	swarm-worker-A9-A	row899-local-fx1	dispatched	harness-work/FIX/FIX-row899-local.md
2026-09-20T10:12:43Z	swarm-worker-A10-A	row904-local-fx1	dispatched	harness-work/FIX/FIX-row904-local.md
2026-09-20T10:16:02Z	swarm-agy-worker4	row941	done	/home/mboyle/swarm-codex-briefs/ROW941-20260920T080729Z.md
2026-09-20T10:16:02Z	swarm-agy-worker10	row935	done	/home/mboyle/swarm-codex-briefs/ROW935-20260920T080729Z.md
2026-09-20T10:16:02Z	swarm-agy-worker3	row940	done	/home/mboyle/swarm-codex-briefs/ROW940-20260920T080729Z.md
2026-09-20T10:16:02Z	swarm-agy-worker2	row937	done	/home/mboyle/swarm-codex-briefs/ROW937-20260920T080729Z.md
2026-09-20T10:16:37Z	swarm-agy-worker7	precut-ratchet-advisory	dispatched	harness-work/FIX/FIX-precut-ratchet-advisory-O733.md
2026-09-20T10:36:01Z	swarm-worker-A1-A	row660c-lu-rb1-local-fx1	aborted	harness-work/FIX/FIX-row660c-lu-rb1-local.md
2026-09-20T10:36:02Z	swarm-worker-A6-A	row887-local-fx1	aborted	harness-work/FIX/FIX-row887-local.md
2026-09-20T10:36:02Z	swarm-worker-A4-A	row833-local-fx1	done	harness-work/FIX/FIX-row833-local.md
2026-09-20T10:36:02Z	swarm-agy-worker7	precut-ratchet-advisory	done	harness-work/FIX/FIX-precut-ratchet-advisory-O733.md
2026-09-20T10:36:02Z	swarm-worker-A3-A	row827-local-fx1	done	harness-work/FIX/FIX-row827-local.md
2026-09-20T10:36:02Z	swarm-worker-A5-A	row882-local-fx1	done	harness-work/FIX/FIX-row882-local.md
2026-09-20T10:36:12Z	swarm-worker-A10-A	row904-local-fx1	resent	harness-work/FIX/FIX-row904-local.md
2026-09-20T10:36:12Z	swarm-worker-A8-A	row897-local-fx1	done	harness-work/FIX/FIX-row897-local.md
2026-09-20T10:36:12Z	swarm-worker-A7-A	row890-local-fx1	done	harness-work/FIX/FIX-row890-local.md
2026-09-20T10:36:12Z	swarm-worker-A2-A	row823-local-fx1	done	harness-work/FIX/FIX-row823-local.md
2026-09-20T10:36:22Z	swarm-worker-A9-A	row899-local-fx1	resent	harness-work/FIX/FIX-row899-local.md
2026-09-20T10:36:36Z	swarm-agy-worker8	row883-flake-timing	dispatched	harness-work/FIX/FIX-row883-flake-timing.md
2026-09-20T10:51:34Z	swarm-worker-A1-A	row910-local-fx2	dispatched	harness-work/FIX/FIX-row910-local.md
2026-09-20T10:51:43Z	swarm-worker-A2-A	row915-r3-local-fx2	dispatched	harness-work/FIX/FIX-row915-r3-local.md
2026-09-20T10:51:51Z	swarm-worker-A3-A	row916-r2-local-fx2	dispatched	harness-work/FIX/FIX-row916-r2-local.md
2026-09-20T10:51:59Z	swarm-worker-A4-A	row928-local-fx2	dispatched	harness-work/FIX/FIX-row928-local.md
2026-09-20T10:52:08Z	swarm-worker-A5-A	roww4-cdn403d-cx-b-rb4-local-fx2	dispatched	harness-work/FIX/FIX-roww4-cdn403d-cx-b-rb4-local.md
2026-09-20T10:52:16Z	swarm-worker-A6-A	roww6-reqconsolidate-cx-e-cx-b-rb5-local-fx2	dispatched	harness-work/FIX/FIX-roww6-reqconsolidate-cx-e-cx-b-rb5-local.md
2026-09-20T10:56:01Z	swarm-worker-A10-A	row904-local-fx1	done	harness-work/FIX/FIX-row904-local.md
2026-09-20T10:56:01Z	swarm-agy-worker8	row883-flake-timing	done	harness-work/FIX/FIX-row883-flake-timing.md
2026-09-20T10:56:01Z	swarm-worker-A9-A	row899-local-fx1	done	harness-work/FIX/FIX-row899-local.md
2026-09-20T11:16:02Z	swarm-worker-A2-A	row915-r3-local-fx2	done	harness-work/FIX/FIX-row915-r3-local.md
2026-09-20T11:16:02Z	swarm-worker-A6-A	roww6-reqconsolidate-cx-e-cx-b-rb5-local-fx2	done	harness-work/FIX/FIX-roww6-reqconsolidate-cx-e-cx-b-rb5-local.md
2026-09-20T11:16:02Z	swarm-worker-A4-A	row928-local-fx2	done	harness-work/FIX/FIX-row928-local.md
2026-09-20T11:16:02Z	swarm-worker-A5-A	roww4-cdn403d-cx-b-rb4-local-fx2	done	harness-work/FIX/FIX-roww4-cdn403d-cx-b-rb4-local.md
2026-09-20T11:16:02Z	swarm-worker-A3-A	row916-r2-local-fx2	done	harness-work/FIX/FIX-row916-r2-local.md
2026-09-20T11:16:02Z	swarm-worker-A1-A	row910-local-fx2	done	harness-work/FIX/FIX-row910-local.md
2026-09-20T11:36:01Z	swarm-worker-A1-A	row660c-lu-rb1-local-fx1	done	harness-work/FIX/FIX-row660c-lu-rb1-local.md
2026-09-20T11:46:01Z	swarm-worker-A6-A	row887-local-fx1	done	harness-work/FIX/FIX-row887-local.md
2026-09-20T12:18:09Z	swarm-agy-worker1	row824-r3	dispatched	/home/mboyle/swarm-codex-briefs/ROW824-20260920T1214Z.md
2026-09-20T12:18:16Z	swarm-agy-worker10	row825-r3	dispatched	/home/mboyle/swarm-codex-briefs/ROW825-20260920T1214Z.md
2026-09-20T12:18:24Z	swarm-agy-worker2	row844-r3	dispatched	/home/mboyle/swarm-codex-briefs/ROW844-20260920T1214Z.md
2026-09-20T12:18:31Z	swarm-agy-worker3	row864-r2	dispatched	/home/mboyle/swarm-codex-briefs/ROW864-20260920T1214Z.md
2026-09-20T12:18:38Z	swarm-agy-worker4	row865-r2	dispatched	/home/mboyle/swarm-codex-briefs/ROW865-20260920T1214Z.md
2026-09-20T12:18:46Z	swarm-agy-worker5	row873-r3	dispatched	/home/mboyle/swarm-codex-briefs/ROW873-20260920T1214Z.md
2026-09-20T12:21:11Z	swarm-agy-worker6	row927-r2	dispatched	/home/mboyle/swarm-codex-briefs/ROW927-20260920T1214Z.md
2026-09-20T12:21:18Z	swarm-agy-worker7	row847-r2	dispatched	/home/mboyle/swarm-codex-briefs/ROW847-20260920T1214Z.md
2026-09-20T12:21:26Z	swarm-agy-worker8	row853-r2	dispatched	/home/mboyle/swarm-codex-briefs/ROW853-20260920T1214Z.md
2026-09-20T12:21:36Z	swarm-agy-worker9	row858-r2	dispatched	/home/mboyle/swarm-codex-briefs/ROW858-20260920T1214Z.md
2026-09-20T12:21:43Z	swarm-cx-worker2	row867-r2	dispatched	/home/mboyle/swarm-codex-briefs/ROW867-20260920T1214Z.md
2026-09-20T12:21:50Z	swarm-cx-worker3	row911-r3	dispatched	/home/mboyle/swarm-codex-briefs/ROW911-20260920T1214Z.md
2026-09-20T12:27:01Z	swarm-agy-worker10	row825-r3	done	/home/mboyle/swarm-codex-briefs/ROW825-20260920T1214Z.md
2026-09-20T12:27:10Z	swarm-agy-worker10	row931-r2	dispatched	/home/mboyle/swarm-codex-briefs/ROW931-20260920T1214Z.md
2026-09-20T12:27:10Z	swarm-agy-worker5	row873-r3	done	/home/mboyle/swarm-codex-briefs/ROW873-20260920T1214Z.md
2026-09-20T12:36:02Z	swarm-agy-worker4	row865-r2	aborted	/home/mboyle/swarm-codex-briefs/ROW865-20260920T1214Z.md
2026-09-20T12:36:02Z	swarm-agy-worker2	row844-r3	aborted	/home/mboyle/swarm-codex-briefs/ROW844-20260920T1214Z.md
2026-09-20T12:36:02Z	swarm-agy-worker3	row864-r2	done	/home/mboyle/swarm-codex-briefs/ROW864-20260920T1214Z.md
2026-09-20T12:36:03Z	swarm-agy-worker1	row824-r3	aborted	/home/mboyle/swarm-codex-briefs/ROW824-20260920T1214Z.md
2026-09-20T12:45:09Z	swarm-cx-worker6	row855	aborted	O1015 seat gone (retired/not relaunched)
2026-09-20T12:45:09Z	swarm-cx-worker-swap	survivors-T17	aborted	O1015 seat gone (retired/not relaunched)
2026-09-20T12:45:09Z	swarm-cx-worker9	row920	aborted	O1015 seat gone (retired/not relaunched)
2026-09-20T12:45:09Z	swarm-cx-worker4	row832	aborted	O1015 seat gone (retired/not relaunched)
2026-09-20T12:45:09Z	swarm-worker-A16-A	process-test-shard	aborted	O1015 seat gone (retired/not relaunched)
2026-09-20T12:45:16Z	swarm-cx-worker1	row825	aborted	O1015 stale (04:16Z gone; re-issued as row825-r3)
2026-09-20T12:46:10Z	swarm-cx-worker2	row867-r2	resent	/home/mboyle/swarm-codex-briefs/ROW867-20260920T1214Z.md
2026-09-20T12:46:10Z	swarm-agy-worker6	row927-r2	done	/home/mboyle/swarm-codex-briefs/ROW927-20260920T1214Z.md
2026-09-20T12:46:11Z	swarm-agy-worker9	row858-r2	aborted	/home/mboyle/swarm-codex-briefs/ROW858-20260920T1214Z.md
2026-09-20T12:46:12Z	swarm-cx-worker3	row911-r3	aborted	/home/mboyle/swarm-codex-briefs/ROW911-20260920T1214Z.md
2026-09-20T12:46:12Z	swarm-agy-worker8	row853-r2	done	/home/mboyle/swarm-codex-briefs/ROW853-20260920T1214Z.md
2026-09-20T12:46:12Z	swarm-agy-worker10	row931-r2	done	/home/mboyle/swarm-codex-briefs/ROW931-20260920T1214Z.md
2026-09-20T12:46:12Z	swarm-agy-worker7	row847-r2	aborted	/home/mboyle/swarm-codex-briefs/ROW847-20260920T1214Z.md
2026-09-20T13:06:12Z	swarm-cx-worker2	row867-r2	nudged1	/home/mboyle/swarm-codex-briefs/ROW867-20260920T1214Z.md
2026-09-20T13:06:43Z	PM	row864-r2	aborted	O1017 retired under O982c
2026-09-20T13:26:08Z	swarm-cx-worker2	row867-r2	nudged2	/home/mboyle/swarm-codex-briefs/ROW867-20260920T1214Z.md
2026-09-20T13:46:01Z	swarm-agy-worker2	row844-r3	done	/home/mboyle/swarm-codex-briefs/ROW844-20260920T1214Z.md
2026-09-20T13:46:08Z	swarm-cx-worker2	row867-r2	nudged3	/home/mboyle/swarm-codex-briefs/ROW867-20260920T1214Z.md
2026-09-20T13:46:08Z	swarm-agy-worker1	row824-r3	done	/home/mboyle/swarm-codex-briefs/ROW824-20260920T1214Z.md
2026-09-20T13:46:26Z	swarm-worker-OP-A	row953	dispatched	/home/mboyle/swarm-codex-briefs/ROW953-20260920T134256Z.md
2026-09-20T13:46:34Z	swarm-worker-OP-A	row954	dispatched	/home/mboyle/swarm-codex-briefs/ROW954-20260920T134256Z.md
2026-09-20T13:46:43Z	swarm-worker-OP-A	row955	dispatched	/home/mboyle/swarm-codex-briefs/ROW955-20260920T134256Z.md
2026-09-20T13:46:51Z	swarm-worker-OP-A	row956	dispatched	/home/mboyle/swarm-codex-briefs/ROW956-20260920T134256Z.md
2026-09-20T13:46:59Z	swarm-worker-OP-A	row957	dispatched	/home/mboyle/swarm-codex-briefs/ROW957-20260920T134256Z.md
2026-09-20T13:47:07Z	swarm-worker-OP-A	row958	dispatched	/home/mboyle/swarm-codex-briefs/ROW958-20260920T134256Z.md
2026-09-20T13:47:16Z	swarm-worker-OP-A	row959	dispatched	/home/mboyle/swarm-codex-briefs/ROW959-20260920T134256Z.md
2026-09-20T13:47:24Z	swarm-worker-OP-A	row960	dispatched	/home/mboyle/swarm-codex-briefs/ROW960-20260920T134256Z.md
2026-09-20T13:56:01Z	swarm-agy-worker9	row858-r2	done	/home/mboyle/swarm-codex-briefs/ROW858-20260920T1214Z.md
2026-09-20T13:56:01Z	swarm-cx-worker3	row911-r3	done	/home/mboyle/swarm-codex-briefs/ROW911-20260920T1214Z.md
2026-09-20T13:56:01Z	swarm-agy-worker7	row847-r2	done	/home/mboyle/swarm-codex-briefs/ROW847-20260920T1214Z.md
2026-09-20T14:06:02Z	swarm-worker-OP-A	row960	done	/home/mboyle/swarm-codex-briefs/ROW960-20260920T134256Z.md
2026-09-20T14:06:02Z	swarm-cx-worker2	row867-r2	done	/home/mboyle/swarm-codex-briefs/ROW867-20260920T1214Z.md
2026-09-20T14:06:02Z	swarm-worker-OP-A	row958	done	/home/mboyle/swarm-codex-briefs/ROW958-20260920T134256Z.md
2026-09-20T14:06:02Z	swarm-worker-OP-A	row959	done	/home/mboyle/swarm-codex-briefs/ROW959-20260920T134256Z.md
2026-09-20T14:06:02Z	swarm-worker-OP-A	row956	done	/home/mboyle/swarm-codex-briefs/ROW956-20260920T134256Z.md
2026-09-20T14:06:02Z	swarm-worker-OP-A	row957	done	/home/mboyle/swarm-codex-briefs/ROW957-20260920T134256Z.md
2026-09-20T14:06:02Z	swarm-worker-OP-A	row954	done	/home/mboyle/swarm-codex-briefs/ROW954-20260920T134256Z.md
2026-09-20T14:06:02Z	swarm-worker-OP-A	row955	done	/home/mboyle/swarm-codex-briefs/ROW955-20260920T134256Z.md
2026-09-20T14:06:02Z	swarm-worker-OP-A	row953	done	/home/mboyle/swarm-codex-briefs/ROW953-20260920T134256Z.md
2026-09-20T14:37:12Z	swarm-agy-teamlead1	row825-r3-local-rb9	dispatched	${SWARM_PERSIST_DIR}/harness-work/REBASE/REBASE-row825-r3-local.md
2026-09-20T14:37:20Z	swarm-agy-teamlead1	row827-local-fx1-local-rb9	dispatched	${SWARM_PERSIST_DIR}/harness-work/REBASE/REBASE-row827-local-fx1-local.md
2026-09-20T14:37:28Z	swarm-agy-teamlead1	row853-r2-local-rb9	dispatched	${SWARM_PERSIST_DIR}/harness-work/REBASE/REBASE-row853-r2-local.md
2026-09-20T14:37:35Z	swarm-agy-teamlead1	row890-local-fx1-local-rb9	dispatched	${SWARM_PERSIST_DIR}/harness-work/REBASE/REBASE-row890-local-fx1-local.md
2026-09-20T14:37:41Z	swarm-agy-teamlead1	row894-r2-local-rb9	dispatched	${SWARM_PERSIST_DIR}/harness-work/REBASE/REBASE-row894-r2-local.md
2026-09-20T14:37:49Z	swarm-agy-teamlead1	row897-local-fx1-local-rb9	dispatched	${SWARM_PERSIST_DIR}/harness-work/REBASE/REBASE-row897-local-fx1-local.md
2026-09-20T14:37:58Z	swarm-agy-teamlead1	row904-local-fx1-local-rb9	dispatched	${SWARM_PERSIST_DIR}/harness-work/REBASE/REBASE-row904-local-fx1-local.md
2026-09-20T14:38:04Z	swarm-agy-teamlead1	row915-r3-local-fx2-local-rb9	dispatched	${SWARM_PERSIST_DIR}/harness-work/REBASE/REBASE-row915-r3-local-fx2-local.md
2026-09-20T14:38:10Z	swarm-agy-teamlead1	row916-r2-local-fx2-local-rb9	dispatched	${SWARM_PERSIST_DIR}/harness-work/REBASE/REBASE-row916-r2-local-fx2-local.md
2026-09-20T14:38:29Z	swarm-agy-teamlead1	row825-r3-local-rb9	aborted	O1025 RB9 killed by operator
2026-09-20T14:38:29Z	swarm-agy-teamlead1	row827-local-fx1-local-rb9	aborted	O1025 RB9 killed by operator
2026-09-20T14:38:29Z	swarm-agy-teamlead1	row853-r2-local-rb9	aborted	O1025 RB9 killed by operator
2026-09-20T14:38:29Z	swarm-agy-teamlead1	row890-local-fx1-local-rb9	aborted	O1025 RB9 killed by operator
2026-09-20T14:38:29Z	swarm-agy-teamlead1	row894-r2-local-rb9	aborted	O1025 RB9 killed by operator
2026-09-20T14:38:29Z	swarm-agy-teamlead1	row897-local-fx1-local-rb9	aborted	O1025 RB9 killed by operator
2026-09-20T14:38:29Z	swarm-agy-teamlead1	row904-local-fx1-local-rb9	aborted	O1025 RB9 killed by operator
2026-09-20T14:38:29Z	swarm-agy-teamlead1	row915-r3-local-fx2-local-rb9	aborted	O1025 RB9 killed by operator
2026-09-20T14:38:29Z	swarm-agy-teamlead1	row916-r2-local-fx2-local-rb9	aborted	O1025 RB9 killed by operator
2026-09-20T14:41:18Z	swarm-agy-teamlead1	row825-r3-local-rb9	dispatched	${SWARM_PERSIST_DIR}/harness-work/REBASE/REBASE-row825-r3-local.md
2026-09-20T14:41:24Z	swarm-agy-teamlead1	row827-local-fx1-local-rb9	dispatched	${SWARM_PERSIST_DIR}/harness-work/REBASE/REBASE-row827-local-fx1-local.md
2026-09-20T14:41:31Z	swarm-agy-teamlead1	row853-r2-local-rb9	dispatched	${SWARM_PERSIST_DIR}/harness-work/REBASE/REBASE-row853-r2-local.md
2026-09-20T14:41:37Z	swarm-agy-teamlead1	row890-local-fx1-local-rb9	dispatched	${SWARM_PERSIST_DIR}/harness-work/REBASE/REBASE-row890-local-fx1-local.md
2026-09-20T14:41:43Z	swarm-agy-teamlead1	row894-r2-local-rb9	dispatched	${SWARM_PERSIST_DIR}/harness-work/REBASE/REBASE-row894-r2-local.md
2026-09-20T14:41:49Z	swarm-agy-teamlead1	row897-local-fx1-local-rb9	dispatched	${SWARM_PERSIST_DIR}/harness-work/REBASE/REBASE-row897-local-fx1-local.md
2026-09-20T14:41:55Z	swarm-agy-teamlead1	row904-local-fx1-local-rb9	dispatched	${SWARM_PERSIST_DIR}/harness-work/REBASE/REBASE-row904-local-fx1-local.md
2026-09-20T14:42:02Z	swarm-agy-teamlead1	row915-r3-local-fx2-local-rb9	dispatched	${SWARM_PERSIST_DIR}/harness-work/REBASE/REBASE-row915-r3-local-fx2-local.md
2026-09-20T14:42:08Z	swarm-agy-teamlead1	row916-r2-local-fx2-local-rb9	dispatched	${SWARM_PERSIST_DIR}/harness-work/REBASE/REBASE-row916-r2-local-fx2-local.md
2026-09-20T14:42:15Z	swarm-agy-teamlead1	roww4-cdn403d-cx-b-rb4-local-fx2-local-rb9	dispatched	${SWARM_PERSIST_DIR}/harness-work/REBASE/REBASE-roww4-cdn403d-cx-b-rb4-local-fx2-local.md
2026-09-20T15:06:02Z	swarm-agy-teamlead1	roww4-cdn403d-cx-b-rb4-local-fx2-local-rb9	aborted	${SWARM_PERSIST_DIR}/harness-work/REBASE/REBASE-roww4-cdn403d-cx-b-rb4-local-fx2-local.md
2026-09-20T15:06:02Z	swarm-agy-teamlead1	row915-r3-local-fx2-local-rb9	aborted	${SWARM_PERSIST_DIR}/harness-work/REBASE/REBASE-row915-r3-local-fx2-local.md
2026-09-20T15:06:03Z	swarm-agy-teamlead1	row916-r2-local-fx2-local-rb9	aborted	${SWARM_PERSIST_DIR}/harness-work/REBASE/REBASE-row916-r2-local-fx2-local.md
2026-09-20T15:06:03Z	swarm-agy-teamlead1	row853-r2-local-rb9	aborted	${SWARM_PERSIST_DIR}/harness-work/REBASE/REBASE-row853-r2-local.md
2026-09-20T15:06:03Z	swarm-agy-teamlead1	row897-local-fx1-local-rb9	aborted	${SWARM_PERSIST_DIR}/harness-work/REBASE/REBASE-row897-local-fx1-local.md
2026-09-20T15:06:04Z	swarm-agy-teamlead1	row827-local-fx1-local-rb9	aborted	${SWARM_PERSIST_DIR}/harness-work/REBASE/REBASE-row827-local-fx1-local.md
2026-09-20T15:06:04Z	swarm-agy-teamlead1	row894-r2-local-rb9	aborted	${SWARM_PERSIST_DIR}/harness-work/REBASE/REBASE-row894-r2-local.md
2026-09-20T15:06:04Z	swarm-agy-teamlead1	row825-r3-local-rb9	aborted	${SWARM_PERSIST_DIR}/harness-work/REBASE/REBASE-row825-r3-local.md
2026-09-20T15:06:04Z	swarm-agy-teamlead1	row890-local-fx1-local-rb9	aborted	${SWARM_PERSIST_DIR}/harness-work/REBASE/REBASE-row890-local-fx1-local.md
2026-09-20T15:06:05Z	swarm-agy-teamlead1	row904-local-fx1-local-rb9	aborted	${SWARM_PERSIST_DIR}/harness-work/REBASE/REBASE-row904-local-fx1-local.md
2026-09-20T15:56:59Z	swarm-agy-teamlead1	row825-r3-local-rb9	done	harness-work/REBASE/REBASE-row825-r3-local-rb9.md
2026-09-20T15:56:59Z	swarm-agy-teamlead1	row827-local-fx1-local-rb9	done	harness-work/REBASE/REBASE-row827-local-fx1-local-rb9.md
2026-09-20T15:56:59Z	swarm-agy-teamlead1	row853-r2-local-rb9	done	harness-work/REBASE/REBASE-row853-r2-local-rb9.md
2026-09-20T15:56:59Z	swarm-agy-teamlead1	row890-local-fx1-local-rb9	done	harness-work/REBASE/REBASE-row890-local-fx1-local-rb9.md
2026-09-20T15:56:59Z	swarm-agy-teamlead1	row894-r2-local-rb9	done	harness-work/REBASE/REBASE-row894-r2-local-rb9.md
2026-09-20T15:56:59Z	swarm-agy-teamlead1	row897-local-fx1-local-rb9	done	harness-work/REBASE/REBASE-row897-local-fx1-local-rb9.md
2026-09-20T15:56:59Z	swarm-agy-teamlead1	row904-local-fx1-local-rb9	done	harness-work/REBASE/REBASE-row904-local-fx1-local-rb9.md
2026-09-20T15:56:59Z	swarm-agy-teamlead1	row915-r3-local-fx2-local-rb9	done	harness-work/REBASE/REBASE-row915-r3-local-fx2-local-rb9.md
2026-09-20T15:56:59Z	swarm-agy-teamlead1	row916-r2-local-fx2-local-rb9	done	harness-work/REBASE/REBASE-row916-r2-local-fx2-local-rb9.md
2026-09-20T15:56:59Z	swarm-agy-teamlead1	roww4-cdn403d-cx-b-rb4-local-fx2-local-rb9	done	harness-work/REBASE/REBASE-roww4-cdn403d-cx-b-rb4-local-fx2-local-rb9.md
2026-09-20T15:57:09Z	swarm-agy-worker1	reconcile-120-127	dispatched	/home/mboyle/swarm-codex-briefs/RECONCILE-120-127-O1029-20260920T151327Z.md
2026-09-20T15:57:17Z	swarm-agy-worker10	row865b	dispatched	/home/mboyle/swarm-codex-briefs/ROW865b-20260920T120642Z.md
2026-09-20T15:57:24Z	swarm-agy-worker2	main-parity-SWARM_REQUIRE_FULL_LENGTH	dispatched	/home/mboyle/swarm-codex-briefs/HB-main-parity-SWARM_REQUIRE_FULL_LENGTH-20260920T155126Z.md
2026-09-20T15:57:32Z	swarm-agy-worker3	main-inv-tags-stale	dispatched	/home/mboyle/swarm-codex-briefs/HB-main-inv-tags-stale-20260920T155126Z.md
2026-09-20T15:57:40Z	swarm-agy-worker5	row371-main-red	dispatched	/home/mboyle/swarm-codex-briefs/HB-row371-main-red-20260920T155126Z.md
2026-09-20T15:57:48Z	swarm-agy-worker6	census-exact-count-pins	dispatched	/home/mboyle/swarm-codex-briefs/HB-census-exact-count-pins-20260920T155126Z.md
2026-09-20T16:16:01Z	swarm-agy-worker1	reconcile-120-127	done	/home/mboyle/swarm-codex-briefs/RECONCILE-120-127-O1029-20260920T151327Z.md
2026-09-20T16:16:02Z	swarm-agy-worker5	row371-main-red	done	/home/mboyle/swarm-codex-briefs/HB-row371-main-red-20260920T155126Z.md
2026-09-20T16:16:02Z	swarm-agy-worker6	census-exact-count-pins	done	/home/mboyle/swarm-codex-briefs/HB-census-exact-count-pins-20260920T155126Z.md
2026-09-20T16:16:02Z	swarm-agy-worker2	main-parity-SWARM_REQUIRE_FULL_LENGTH	done	/home/mboyle/swarm-codex-briefs/HB-main-parity-SWARM_REQUIRE_FULL_LENGTH-20260920T155126Z.md
2026-09-20T16:16:02Z	swarm-agy-worker3	main-inv-tags-stale	aborted	/home/mboyle/swarm-codex-briefs/HB-main-inv-tags-stale-20260920T155126Z.md
2026-09-20T16:16:02Z	swarm-agy-worker10	row865b	done	/home/mboyle/swarm-codex-briefs/ROW865b-20260920T120642Z.md
2026-09-20T16:18:09Z	swarm-agy-worker1	prep-double-run-self-mutation	dispatched	/home/mboyle/swarm-codex-briefs/HB-prep-double-run-self-mutation-20260920T155126Z.md
2026-09-20T16:18:17Z	swarm-agy-worker10	register-status-amend-tool	dispatched	/home/mboyle/swarm-codex-briefs/HB-register-status-amend-tool-20260920T155126Z.md
2026-09-20T16:18:25Z	swarm-agy-worker2	register-cut-lane	dispatched	/home/mboyle/swarm-codex-briefs/HB-register-cut-lane-20260920T155126Z.md
2026-09-20T16:18:35Z	swarm-agy-worker5	worker-band-residue-classifier	dispatched	/home/mboyle/swarm-codex-briefs/HB-worker-band-residue-classifier-20260920T155126Z.md
2026-09-20T16:18:45Z	swarm-agy-worker6	row832-r2	dispatched	/home/mboyle/swarm-codex-briefs/ROW832-20260920T1600Z.md
2026-09-20T16:18:53Z	swarm-agy-worker7	row838-r2	dispatched	/home/mboyle/swarm-codex-briefs/ROW838-20260920T1600Z.md
2026-09-20T16:36:01Z	swarm-agy-worker4	row865-r2	done	/home/mboyle/swarm-codex-briefs/ROW865-20260920T1214Z.md
2026-09-20T16:36:01Z	swarm-agy-worker5	worker-band-residue-classifier	aborted	/home/mboyle/swarm-codex-briefs/HB-worker-band-residue-classifier-20260920T155126Z.md
2026-09-20T16:36:01Z	swarm-agy-worker6	row832-r2	done	/home/mboyle/swarm-codex-briefs/ROW832-20260920T1600Z.md
2026-09-20T16:36:01Z	swarm-agy-worker7	row838-r2	done	/home/mboyle/swarm-codex-briefs/ROW838-20260920T1600Z.md
2026-09-20T16:36:01Z	swarm-agy-worker10	register-status-amend-tool	done	/home/mboyle/swarm-codex-briefs/HB-register-status-amend-tool-20260920T155126Z.md
2026-09-20T16:36:02Z	swarm-agy-worker2	register-cut-lane	aborted	/home/mboyle/swarm-codex-briefs/HB-register-cut-lane-20260920T155126Z.md
2026-09-20T16:36:02Z	swarm-agy-worker1	prep-double-run-self-mutation	done	/home/mboyle/swarm-codex-briefs/HB-prep-double-run-self-mutation-20260920T155126Z.md
2026-09-20T16:39:09Z	swarm-agy-worker1	row855-r2	dispatched	/home/mboyle/swarm-codex-briefs/ROW855-20260920T1600Z.md
2026-09-20T16:39:20Z	swarm-agy-worker10	row893-r2	dispatched	/home/mboyle/swarm-codex-briefs/ROW893-20260920T1600Z.md
2026-09-20T16:56:01Z	swarm-agy-worker1	row855-r2	done	/home/mboyle/swarm-codex-briefs/ROW855-20260920T1600Z.md
2026-09-20T16:56:01Z	swarm-agy-worker10	row893-r2	done	/home/mboyle/swarm-codex-briefs/ROW893-20260920T1600Z.md
2026-09-20T17:06:09Z	swarm-agy-worker1	row864-fx3	dispatched	/home/mboyle/swarm-codex-briefs/FIX-row864-20260920T1705Z.md
2026-09-20T17:06:17Z	swarm-agy-worker10	row828-fx3	dispatched	/home/mboyle/swarm-codex-briefs/FIX-row828-20260920T1705Z.md
2026-09-20T17:06:17Z	swarm-agy-worker2	register-cut-lane	done	/home/mboyle/swarm-codex-briefs/HB-register-cut-lane-20260920T155126Z.md
2026-09-20T17:06:25Z	swarm-agy-worker2	row885-fx3	dispatched	/home/mboyle/swarm-codex-briefs/FIX-row885-20260920T1705Z.md
2026-09-20T17:06:25Z	swarm-agy-worker3	main-inv-tags-stale	done	/home/mboyle/swarm-codex-briefs/HB-main-inv-tags-stale-20260920T155126Z.md
2026-09-20T17:06:33Z	swarm-agy-worker3	row903-fx3	dispatched	/home/mboyle/swarm-codex-briefs/FIX-row903-20260920T1705Z.md
2026-09-20T17:06:41Z	swarm-agy-worker4	row849-fx3	dispatched	/home/mboyle/swarm-codex-briefs/FIX-row849-20260920T1705Z.md
2026-09-20T17:06:41Z	swarm-agy-worker5	worker-band-residue-classifier	done	/home/mboyle/swarm-codex-briefs/HB-worker-band-residue-classifier-20260920T155126Z.md
2026-09-20T17:06:49Z	swarm-agy-worker5	row878-fx3	dispatched	/home/mboyle/swarm-codex-briefs/FIX-row878-20260920T1705Z.md
2026-09-20T17:09:09Z	swarm-agy-worker6	row845-fx3	dispatched	/home/mboyle/swarm-codex-briefs/FIX-row845-20260920T1705Z.md
2026-09-20T17:09:20Z	swarm-agy-worker7	row863-fx3	dispatched	/home/mboyle/swarm-codex-briefs/FIX-row863-20260920T1705Z.md
2026-09-20T17:09:28Z	swarm-agy-worker8	row871-fx3	dispatched	/home/mboyle/swarm-codex-briefs/FIX-row871-20260920T1705Z.md
2026-09-20T17:09:38Z	swarm-agy-worker9	row935-fx3	dispatched	/home/mboyle/swarm-codex-briefs/FIX-row935-20260920T1705Z.md
2026-09-20T17:16:19Z	swarm-agy-worker1	row864-fx3	aborted	O1017 already CLOSED-BY-HARNESS @1591 (PM abort)
2026-09-20T17:20:28Z	swarm-agy-worker10	row828-fx3	aborted	row828 landed train19 v3.66.1594 (PM abort, duplicate)
2026-09-20T17:26:00Z	swarm-agy-worker7	row863-fx3	done	/home/mboyle/swarm-codex-briefs/FIX-row863-20260920T1705Z.md
2026-09-20T17:26:00Z	swarm-agy-worker3	row903-fx3	done	/home/mboyle/swarm-codex-briefs/FIX-row903-20260920T1705Z.md
2026-09-20T17:26:00Z	swarm-agy-worker2	row885-fx3	done	/home/mboyle/swarm-codex-briefs/FIX-row885-20260920T1705Z.md
2026-09-20T17:26:00Z	swarm-agy-worker5	row878-fx3	done	/home/mboyle/swarm-codex-briefs/FIX-row878-20260920T1705Z.md
2026-09-20T17:26:00Z	swarm-agy-worker8	row871-fx3	done	/home/mboyle/swarm-codex-briefs/FIX-row871-20260920T1705Z.md
2026-09-20T17:26:00Z	swarm-agy-worker6	row845-fx3	done	/home/mboyle/swarm-codex-briefs/FIX-row845-20260920T1705Z.md
2026-09-20T17:26:00Z	swarm-agy-worker4	row849-fx3	done	/home/mboyle/swarm-codex-briefs/FIX-row849-20260920T1705Z.md
2026-09-20T17:26:01Z	swarm-agy-worker9	row935-fx3	aborted	/home/mboyle/swarm-codex-briefs/FIX-row935-20260920T1705Z.md
2026-09-20T17:33:12Z	swarm-agy-worker2	row885-fx3	aborted	row885 landed train20 v3.66.1595 (PM abort, duplicate)
2026-09-20T17:36:09Z	swarm-agy-worker1	row915-rb10	dispatched	/home/mboyle/swarm-codex-briefs/FIX-row915-20260920T1733Z.md
2026-09-20T17:36:18Z	swarm-agy-worker10	roww4-cdn403d-rb10	dispatched	/home/mboyle/swarm-codex-briefs/FIX-roww4-cdn403d-20260920T1733Z.md
2026-09-20T17:39:09Z	swarm-agy-worker2	row834-rb10	dispatched	/home/mboyle/swarm-codex-briefs/FIX-row834-20260920T1738Z.md
2026-09-20T17:39:16Z	swarm-agy-worker3	row934-rb10	dispatched	/home/mboyle/swarm-codex-briefs/FIX-row934-20260920T1738Z.md
2026-09-20T17:56:01Z	swarm-agy-worker3	row934-rb10	done	/home/mboyle/swarm-codex-briefs/FIX-row934-20260920T1738Z.md
2026-09-20T17:56:01Z	swarm-agy-worker2	row834-rb10	done	/home/mboyle/swarm-codex-briefs/FIX-row834-20260920T1738Z.md
2026-09-20T17:56:01Z	swarm-agy-worker1	row915-rb10	done	/home/mboyle/swarm-codex-briefs/FIX-row915-20260920T1733Z.md
2026-09-20T17:56:01Z	swarm-agy-worker10	roww4-cdn403d-rb10	done	/home/mboyle/swarm-codex-briefs/FIX-roww4-cdn403d-20260920T1733Z.md
2026-09-20T18:09:11Z	swarm-agy-worker1	row847-rb10	dispatched	/home/mboyle/swarm-codex-briefs/FIX-row847-20260920T1808Z.md
2026-09-20T18:26:02Z	swarm-agy-worker1	row847-rb10	done	/home/mboyle/swarm-codex-briefs/FIX-row847-20260920T1808Z.md
2026-09-20T18:26:02Z	swarm-agy-worker9	row935-fx3	done	/home/mboyle/swarm-codex-briefs/FIX-row935-20260920T1705Z.md
2026-09-20T18:39:08Z	swarm-agy-worker1	generated-artifacts-band-noise	dispatched	/home/mboyle/swarm-codex-briefs/HB-generated-artifacts-band-noise-20260920T183648Z.md
2026-09-20T18:39:18Z	swarm-worker-A1-A	precollect-guard-base-check	dispatched	/home/mboyle/swarm-codex-briefs/HB-precollect-guard-base-check-20260920T183648Z.md
2026-09-20T18:39:25Z	swarm-agy-worker10	assign-lens-codex-remote-root	dispatched	/home/mboyle/swarm-codex-briefs/HB-assign-lens-codex-remote-root-20260920T183648Z.md
2026-09-20T18:39:35Z	swarm-worker-A10-A	rebase-batch-ledger-done-writer	dispatched	/home/mboyle/swarm-codex-briefs/HB-rebase-batch-ledger-done-writer-20260920T183648Z.md
2026-09-20T18:39:43Z	swarm-agy-worker2	worker-band-ratchets	dispatched	/home/mboyle/swarm-codex-briefs/HB-worker-band-ratchets-20260920T183648Z.md
2026-09-20T18:39:53Z	swarm-worker-A11-A	lens-outside-review-warn	dispatched	/home/mboyle/swarm-codex-briefs/HB-lens-outside-review-warn-20260920T183648Z.md
2026-09-20T18:42:09Z	swarm-cx-worker-t1-1	underived-weekly-census	dispatched	/home/mboyle/swarm-codex-briefs/HB-underived-weekly-census-20260920T183648Z.md
2026-09-20T18:56:01Z	swarm-worker-A11-A	lens-outside-review-warn	done	/home/mboyle/swarm-codex-briefs/HB-lens-outside-review-warn-20260920T183648Z.md
2026-09-20T18:56:01Z	swarm-agy-worker1	generated-artifacts-band-noise	done	/home/mboyle/swarm-codex-briefs/HB-generated-artifacts-band-noise-20260920T183648Z.md
2026-09-20T18:56:11Z	swarm-worker-A10-A	rebase-batch-ledger-done-writer	resent	/home/mboyle/swarm-codex-briefs/HB-rebase-batch-ledger-done-writer-20260920T183648Z.md
2026-09-20T18:56:11Z	swarm-worker-A1-A	precollect-guard-base-check	done	/home/mboyle/swarm-codex-briefs/HB-precollect-guard-base-check-20260920T183648Z.md
2026-09-20T18:56:11Z	swarm-agy-worker10	assign-lens-codex-remote-root	aborted	/home/mboyle/swarm-codex-briefs/HB-assign-lens-codex-remote-root-20260920T183648Z.md
2026-09-20T18:56:11Z	swarm-agy-worker2	worker-band-ratchets	done	/home/mboyle/swarm-codex-briefs/HB-worker-band-ratchets-20260920T183648Z.md
2026-09-20T18:57:54Z	swarm-cx-worker-t1-1	underived-weekly-census	aborted	O1065 codex killed; re-queued
2026-09-20T19:00:11Z	swarm-agy-worker1	underived-weekly-census	dispatched	/home/mboyle/swarm-codex-briefs/HB-underived-weekly-census-20260920T183648Z.md
2026-09-20T19:00:11Z	swarm-agy-worker10	assign-lens-codex-remote-root	done	/home/mboyle/swarm-codex-briefs/HB-assign-lens-codex-remote-root-20260920T183648Z.md
2026-09-20T19:16:01Z	swarm-worker-A10-A	rebase-batch-ledger-done-writer	done	/home/mboyle/swarm-codex-briefs/HB-rebase-batch-ledger-done-writer-20260920T183648Z.md
2026-09-20T19:16:01Z	swarm-agy-worker1	underived-weekly-census	done	/home/mboyle/swarm-codex-briefs/HB-underived-weekly-census-20260920T183648Z.md
2026-09-20T19:21:01Z	swarm-cx-worker12	row896	done	/home/mboyle/swarm-codex-briefs/brief-row896.md
2026-09-20T19:21:01Z	swarm-cx-worker-swap	rd-b16-h1to300	done	${SWARM_PERSIST_DIR}/harness-work/RD-B16/BRIEF.md
2026-09-20T19:21:11Z	swarm-agy-worker1	row893-fx4	dispatched	/home/mboyle/swarm-codex-briefs/FIX-row893-20260920T1918Z.md
2026-09-20T19:21:21Z	swarm-agy-worker10	row925-fx4	dispatched	/home/mboyle/swarm-codex-briefs/FIX-row925-20260920T1918Z.md
2026-09-20T19:27:01Z	swarm-agy-worker10	row925-fx4	done	/home/mboyle/swarm-codex-briefs/FIX-row925-20260920T1918Z.md
2026-09-20T19:36:11Z	swarm-agy-worker10	row122-r2	dispatched	/home/mboyle/swarm-codex-briefs/ROW122-20260920T1934Z.md
2026-09-20T19:36:19Z	swarm-agy-worker2	row127-r2	dispatched	/home/mboyle/swarm-codex-briefs/ROW127-20260920T1934Z.md
2026-09-20T19:45:09Z	swarm-agy-worker3	row834-rb11	dispatched	/home/mboyle/swarm-codex-briefs/FIX-row834-20260920T1942Z.md
2026-09-20T19:46:01Z	swarm-agy-worker1	row893-fx4	done	/home/mboyle/swarm-codex-briefs/FIX-row893-20260920T1918Z.md
2026-09-20T19:51:01Z	swarm-agy-worker3	row834-rb11	done	/home/mboyle/swarm-codex-briefs/FIX-row834-20260920T1942Z.md
2026-09-20T19:56:01Z	swarm-agy-worker10	row122-r2	done	/home/mboyle/swarm-codex-briefs/ROW122-20260920T1934Z.md
2026-09-20T19:56:01Z	swarm-agy-worker2	row127-r2	done	/home/mboyle/swarm-codex-briefs/ROW127-20260920T1934Z.md
2026-09-20T22:06:07Z	swarm-agy-worker1	row834-rb12	dispatched	/home/mboyle/swarm-codex-briefs/FIX-row834-rb12-20260920T2204Z.md
2026-09-20T22:06:11Z	swarm-agy-worker1	row834-rb12	dispatched	/home/mboyle/swarm-codex-briefs/FIX-row834-rb12-20260920T2204Z.md
2026-09-20T22:06:13Z	swarm-agy-worker10	row851-rb1	dispatched	/home/mboyle/swarm-codex-briefs/FIX-row851-rb1-20260920T2204Z.md
2026-09-20T22:06:18Z	swarm-agy-worker2	row851-rb1	dispatched	/home/mboyle/swarm-codex-briefs/FIX-row851-rb1-20260920T2204Z.md
2026-09-20T22:07:08Z	swarm-agy-worker2	row851-rb1	aborted	duplicate dispatch (worker10 owns)
2026-09-20T22:07:08Z	swarm-agy-worker1	row834-rb12	aborted	duplicate ledger row (same seat, one build)
2026-09-20T22:15:01Z	swarm-agy-worker10	row851-rb1	done	/home/mboyle/swarm-codex-briefs/FIX-row851-rb1-20260920T2204Z.md
2026-09-20T23:03:28Z	swarm-agy-worker2	plugin-swarm-cut-hygiene	dispatched	${SWARM_PERSIST_DIR}/harness-work/PLUGINS-O1082/BRIEF-swarm-cut-hygiene.md
2026-09-20T23:03:34Z	swarm-agy-worker3	plugin-swarm-context-guard	dispatched	${SWARM_PERSIST_DIR}/harness-work/PLUGINS-O1082/BRIEF-swarm-context-guard.md
2026-09-20T23:03:41Z	swarm-agy-worker4	plugin-swarm-lens	dispatched	${SWARM_PERSIST_DIR}/harness-work/PLUGINS-O1082/BRIEF-swarm-lens.md
2026-09-20T23:03:47Z	swarm-agy-worker5	plugin-swarm-rebase	dispatched	${SWARM_PERSIST_DIR}/harness-work/PLUGINS-O1082/BRIEF-swarm-rebase.md
2026-09-20T23:03:53Z	swarm-agy-worker6	plugin-swarm-fleet-mcp	dispatched	${SWARM_PERSIST_DIR}/harness-work/PLUGINS-O1082/BRIEF-swarm-fleet-mcp.md
2026-09-20T23:03:59Z	swarm-agy-worker7	plugin-swarm-dispatch-ops	dispatched	${SWARM_PERSIST_DIR}/harness-work/PLUGINS-O1082/BRIEF-swarm-dispatch-ops.md
2026-09-20T23:18:32Z	swarm-agy-review-correctness1	lens-plugin-swarm-cut-hygiene	dispatched	${SWARM_PERSIST_DIR}/harness-work/PLUGINS-O1082/LENS-swarm-cut-hygiene.md
2026-09-20T23:18:38Z	swarm-agy-review-correctness2	lens-plugin-swarm-context-guard	dispatched	${SWARM_PERSIST_DIR}/harness-work/PLUGINS-O1082/LENS-swarm-context-guard.md
2026-09-20T23:18:44Z	swarm-agy-review-correctness3	lens-plugin-swarm-lens	dispatched	${SWARM_PERSIST_DIR}/harness-work/PLUGINS-O1082/LENS-swarm-lens.md
2026-09-20T23:18:50Z	swarm-agy-review-correctness4	lens-plugin-swarm-rebase	dispatched	${SWARM_PERSIST_DIR}/harness-work/PLUGINS-O1082/LENS-swarm-rebase.md
2026-09-20T23:18:57Z	swarm-agy-review-shape1	lens-plugin-swarm-fleet-mcp	dispatched	${SWARM_PERSIST_DIR}/harness-work/PLUGINS-O1082/LENS-swarm-fleet-mcp.md
2026-09-20T23:19:03Z	swarm-agy-review-shape2	lens-plugin-swarm-dispatch-ops	dispatched	${SWARM_PERSIST_DIR}/harness-work/PLUGINS-O1082/LENS-swarm-dispatch-ops.md
2026-09-20T23:23:57Z	swarm-agy-worker1	parity-audit	dispatched	${SWARM_PERSIST_DIR}/harness-work/PLUGINS-O1082/BRIEF-parity-audit.md
2026-09-20T23:25:46Z	swarm-cx-plugimp-1	plugins-pass1-astra	dispatched	${SWARM_PERSIST_DIR}/harness-work/PLUGINS-O1082/BRIEF-improve-pass1-astra.md
2026-09-20T23:26:01Z	swarm-agy-worker7	plugin-swarm-dispatch-ops	done	${SWARM_PERSIST_DIR}/harness-work/PLUGINS-O1082/BRIEF-swarm-dispatch-ops.md
2026-09-20T23:26:01Z	swarm-agy-worker3	plugin-swarm-context-guard	done	${SWARM_PERSIST_DIR}/harness-work/PLUGINS-O1082/BRIEF-swarm-context-guard.md
2026-09-20T23:26:02Z	swarm-agy-worker6	plugin-swarm-fleet-mcp	done	${SWARM_PERSIST_DIR}/harness-work/PLUGINS-O1082/BRIEF-swarm-fleet-mcp.md
2026-09-20T23:26:02Z	swarm-agy-worker5	plugin-swarm-rebase	done	${SWARM_PERSIST_DIR}/harness-work/PLUGINS-O1082/BRIEF-swarm-rebase.md
2026-09-20T23:26:02Z	swarm-agy-worker4	plugin-swarm-lens	done	${SWARM_PERSIST_DIR}/harness-work/PLUGINS-O1082/BRIEF-swarm-lens.md
2026-09-20T23:26:02Z	swarm-agy-worker2	plugin-swarm-cut-hygiene	done	${SWARM_PERSIST_DIR}/harness-work/PLUGINS-O1082/BRIEF-swarm-cut-hygiene.md
2026-09-20T23:36:02Z	swarm-agy-review-correctness4	lens-plugin-swarm-rebase	done	${SWARM_PERSIST_DIR}/harness-work/PLUGINS-O1082/LENS-swarm-rebase.md
2026-09-20T23:36:02Z	swarm-agy-review-shape1	lens-plugin-swarm-fleet-mcp	aborted	${SWARM_PERSIST_DIR}/harness-work/PLUGINS-O1082/LENS-swarm-fleet-mcp.md
2026-09-20T23:36:02Z	swarm-agy-review-correctness3	lens-plugin-swarm-lens	aborted	${SWARM_PERSIST_DIR}/harness-work/PLUGINS-O1082/LENS-swarm-lens.md
2026-09-20T23:36:02Z	swarm-agy-review-correctness2	lens-plugin-swarm-context-guard	aborted	${SWARM_PERSIST_DIR}/harness-work/PLUGINS-O1082/LENS-swarm-context-guard.md
2026-09-20T23:36:02Z	swarm-agy-review-shape2	lens-plugin-swarm-dispatch-ops	done	${SWARM_PERSIST_DIR}/harness-work/PLUGINS-O1082/LENS-swarm-dispatch-ops.md
2026-09-20T23:36:03Z	swarm-agy-review-correctness1	lens-plugin-swarm-cut-hygiene	aborted	${SWARM_PERSIST_DIR}/harness-work/PLUGINS-O1082/LENS-swarm-cut-hygiene.md
2026-09-20T23:46:01Z	swarm-cx-plugimp-1	plugins-pass1-astra	aborted	${SWARM_PERSIST_DIR}/harness-work/PLUGINS-O1082/BRIEF-improve-pass1-astra.md
2026-09-20T23:46:01Z	swarm-agy-worker1	parity-audit	done	${SWARM_PERSIST_DIR}/harness-work/PLUGINS-O1082/BRIEF-parity-audit.md
2026-09-20T23:49:11Z	swarm-agy-worker1	SYN-14	dispatched	${SWARM_PERSIST_DIR}/harness-work/HB-O1084/BRIEF-SYN-14.md
2026-09-20T23:49:17Z	swarm-agy-worker2	SYN-21	dispatched	${SWARM_PERSIST_DIR}/harness-work/HB-O1084/BRIEF-SYN-21.md
2026-09-20T23:49:24Z	swarm-agy-worker3	SYN-23	dispatched	${SWARM_PERSIST_DIR}/harness-work/HB-O1084/BRIEF-SYN-23.md
2026-09-20T23:49:30Z	swarm-agy-worker4	SYN-25	dispatched	${SWARM_PERSIST_DIR}/harness-work/HB-O1084/BRIEF-SYN-25.md
2026-09-20T23:49:36Z	swarm-agy-worker5	SYN-26	dispatched	${SWARM_PERSIST_DIR}/harness-work/HB-O1084/BRIEF-SYN-26.md
2026-09-20T23:49:43Z	swarm-agy-worker6	SYN-30	dispatched	${SWARM_PERSIST_DIR}/harness-work/HB-O1084/BRIEF-SYN-30.md
2026-09-20T23:49:49Z	swarm-agy-worker7	SYN-31	dispatched	${SWARM_PERSIST_DIR}/harness-work/HB-O1084/BRIEF-SYN-31.md
2026-09-20T23:49:55Z	swarm-agy-worker8	SYN-33	dispatched	${SWARM_PERSIST_DIR}/harness-work/HB-O1084/BRIEF-SYN-33.md
2026-09-20T23:50:03Z	swarm-agy-worker9	SYN-34	dispatched	${SWARM_PERSIST_DIR}/harness-work/HB-O1084/BRIEF-SYN-34.md
2026-09-20T23:50:12Z	swarm-agy-worker10	SYN-35	dispatched	${SWARM_PERSIST_DIR}/harness-work/HB-O1084/BRIEF-SYN-35.md
2026-09-20T23:50:43Z	swarm-agy-worker1	SYN-14	aborted	${SWARM_PERSIST_DIR}/harness-work/HB-O1084/BRIEF-SYN-14.md
2026-09-20T23:50:43Z	swarm-agy-worker2	SYN-21	aborted	${SWARM_PERSIST_DIR}/harness-work/HB-O1084/BRIEF-SYN-21.md
2026-09-20T23:50:43Z	swarm-agy-worker3	SYN-23	aborted	${SWARM_PERSIST_DIR}/harness-work/HB-O1084/BRIEF-SYN-23.md
2026-09-20T23:50:43Z	swarm-agy-worker4	SYN-25	aborted	${SWARM_PERSIST_DIR}/harness-work/HB-O1084/BRIEF-SYN-25.md
2026-09-20T23:50:43Z	swarm-agy-worker5	SYN-26	aborted	${SWARM_PERSIST_DIR}/harness-work/HB-O1084/BRIEF-SYN-26.md
2026-09-20T23:50:43Z	swarm-agy-worker6	SYN-30	aborted	${SWARM_PERSIST_DIR}/harness-work/HB-O1084/BRIEF-SYN-30.md
2026-09-20T23:50:43Z	swarm-agy-worker7	SYN-31	aborted	${SWARM_PERSIST_DIR}/harness-work/HB-O1084/BRIEF-SYN-31.md
2026-09-20T23:50:43Z	swarm-agy-worker8	SYN-33	aborted	${SWARM_PERSIST_DIR}/harness-work/HB-O1084/BRIEF-SYN-33.md
2026-09-20T23:50:43Z	swarm-agy-worker9	SYN-34	aborted	${SWARM_PERSIST_DIR}/harness-work/HB-O1084/BRIEF-SYN-34.md
2026-09-20T23:50:43Z	swarm-agy-worker10	SYN-35	aborted	${SWARM_PERSIST_DIR}/harness-work/HB-O1084/BRIEF-SYN-35.md
2026-09-21T00:15:17Z	swarm-agy-review-correctness1	lens2-plugin-swarm-cut-hygiene	dispatched	${SWARM_PERSIST_DIR}/harness-work/PLUGINS-O1082/LENS2-swarm-cut-hygiene.md
2026-09-21T00:15:23Z	swarm-agy-review-correctness2	lens2-plugin-swarm-context-guard	dispatched	${SWARM_PERSIST_DIR}/harness-work/PLUGINS-O1082/LENS2-swarm-context-guard.md
2026-09-21T00:15:31Z	swarm-agy-review-correctness3	lens2-plugin-swarm-lens	dispatched	${SWARM_PERSIST_DIR}/harness-work/PLUGINS-O1082/LENS2-swarm-lens.md
2026-09-21T00:15:38Z	swarm-agy-review-correctness4	lens2-plugin-swarm-rebase	dispatched	${SWARM_PERSIST_DIR}/harness-work/PLUGINS-O1082/LENS2-swarm-rebase.md
2026-09-21T00:15:44Z	swarm-agy-review-shape1	lens2-plugin-swarm-fleet-mcp	dispatched	${SWARM_PERSIST_DIR}/harness-work/PLUGINS-O1082/LENS2-swarm-fleet-mcp.md
2026-09-21T00:15:50Z	swarm-agy-review-shape2	lens2-plugin-swarm-dispatch-ops	dispatched	${SWARM_PERSIST_DIR}/harness-work/PLUGINS-O1082/LENS2-swarm-dispatch-ops.md
2026-09-21T00:19:54Z	swarm-worker-B1-plugtest-B	live-test-claudeB	dispatched	${SWARM_PERSIST_DIR}/harness-work/PLUGINS-O1082/BRIEF-live-test.md
2026-09-21T00:20:35Z	swarm-agy-worker9	live-test-agy	dispatched	${SWARM_PERSIST_DIR}/harness-work/PLUGINS-O1082/BRIEF-live-test.md
2026-09-21T00:36:01Z	swarm-agy-review-correctness1	lens2-plugin-swarm-cut-hygiene	done	${SWARM_PERSIST_DIR}/harness-work/PLUGINS-O1082/LENS2-swarm-cut-hygiene.md
2026-09-21T00:36:01Z	swarm-agy-review-correctness4	lens2-plugin-swarm-rebase	done	${SWARM_PERSIST_DIR}/harness-work/PLUGINS-O1082/LENS2-swarm-rebase.md
2026-09-21T00:36:08Z	swarm-worker-B1-plugtest-B	live-test-claudeB	resent	${SWARM_PERSIST_DIR}/harness-work/PLUGINS-O1082/BRIEF-live-test.md
2026-09-21T00:36:08Z	swarm-agy-review-shape1	lens2-plugin-swarm-fleet-mcp	done	${SWARM_PERSIST_DIR}/harness-work/PLUGINS-O1082/LENS2-swarm-fleet-mcp.md
2026-09-21T00:36:08Z	swarm-agy-review-correctness3	lens2-plugin-swarm-lens	aborted	${SWARM_PERSIST_DIR}/harness-work/PLUGINS-O1082/LENS2-swarm-lens.md
2026-09-21T00:36:08Z	swarm-agy-review-shape2	lens2-plugin-swarm-dispatch-ops	done	${SWARM_PERSIST_DIR}/harness-work/PLUGINS-O1082/LENS2-swarm-dispatch-ops.md
2026-09-21T00:36:09Z	swarm-agy-worker9	live-test-agy	aborted	${SWARM_PERSIST_DIR}/harness-work/PLUGINS-O1082/BRIEF-live-test.md
2026-09-21T00:36:09Z	swarm-agy-review-correctness2	lens2-plugin-swarm-context-guard	aborted	${SWARM_PERSIST_DIR}/harness-work/PLUGINS-O1082/LENS2-swarm-context-guard.md
2026-09-21T00:39:00Z	swarm-agy-review-correctness1	lens-hb-swarm-agy-review-correctness1	dispatched	${SWARM_PERSIST_DIR}/harness-work/HB-O1084/LENS-swarm-agy-review-correctness1.md
2026-09-21T00:39:06Z	swarm-agy-review-correctness2	lens-hb-swarm-agy-review-correctness2	dispatched	${SWARM_PERSIST_DIR}/harness-work/HB-O1084/LENS-swarm-agy-review-correctness2.md
2026-09-21T00:39:12Z	swarm-agy-review-correctness3	lens-hb-swarm-agy-review-correctness3	dispatched	${SWARM_PERSIST_DIR}/harness-work/HB-O1084/LENS-swarm-agy-review-correctness3.md
2026-09-21T00:39:18Z	swarm-agy-review-correctness4	lens-hb-swarm-agy-review-correctness4	dispatched	${SWARM_PERSIST_DIR}/harness-work/HB-O1084/LENS-swarm-agy-review-correctness4.md
2026-09-21T00:39:25Z	swarm-agy-review-shape1	lens-hb-swarm-agy-review-shape1	dispatched	${SWARM_PERSIST_DIR}/harness-work/HB-O1084/LENS-swarm-agy-review-shape1.md
2026-09-21T00:39:31Z	swarm-agy-review-shape2	lens-hb-swarm-agy-review-shape2	dispatched	${SWARM_PERSIST_DIR}/harness-work/HB-O1084/LENS-swarm-agy-review-shape2.md
2026-09-21T00:40:06Z	swarm-agy-review-correctness1	lens-hb-swarm-agy-review-correctness1	aborted	O1094 agy limit
2026-09-21T00:40:06Z	swarm-agy-review-correctness2	lens-hb-swarm-agy-review-correctness2	aborted	O1094 agy limit
2026-09-21T00:40:06Z	swarm-agy-review-correctness3	lens-hb-swarm-agy-review-correctness3	aborted	O1094 agy limit
2026-09-21T00:40:06Z	swarm-agy-review-correctness4	lens-hb-swarm-agy-review-correctness4	aborted	O1094 agy limit
2026-09-21T00:40:06Z	swarm-agy-review-shape1	lens-hb-swarm-agy-review-shape1	aborted	O1094 agy limit
2026-09-21T00:40:06Z	swarm-agy-review-shape2	lens-hb-swarm-agy-review-shape2	aborted	O1094 agy limit
2026-09-21T00:42:47Z	swarm-cx-hblens-3	lens-hb-swarm-cx-hblens-3	dispatched	${SWARM_PERSIST_DIR}/harness-work/HB-O1084/LENS-swarm-cx-hblens-3.md
2026-09-21T00:43:02Z	swarm-cx-hblens-1	lens-hb-swarm-cx-hblens-1	dispatched	${SWARM_PERSIST_DIR}/harness-work/HB-O1084/LENS-swarm-cx-hblens-1.md
2026-09-21T00:43:02Z	swarm-cx-hblens-2	lens-hb-swarm-cx-hblens-2	dispatched	${SWARM_PERSIST_DIR}/harness-work/HB-O1084/LENS-swarm-cx-hblens-2.md
2026-09-21T00:44:38Z	swarm-review-correctness-B1-hb-B	lens-hb-swarm-review-correctness-B1-hb-B	dispatched	${SWARM_PERSIST_DIR}/harness-work/HB-O1084/LENS-swarm-review-correctness-B1-hb-B.md
2026-09-21T00:44:44Z	swarm-review-correctness-B2-hb-B	lens-hb-swarm-review-correctness-B2-hb-B	dispatched	${SWARM_PERSIST_DIR}/harness-work/HB-O1084/LENS-swarm-review-correctness-B2-hb-B.md
2026-09-21T00:44:50Z	swarm-review-correctness-B3-hb-B	lens-hb-swarm-review-correctness-B3-hb-B	dispatched	${SWARM_PERSIST_DIR}/harness-work/HB-O1084/LENS-swarm-review-correctness-B3-hb-B.md
2026-09-21T00:46:01Z	swarm-cx-plugimp-1	plugins-pass1-astra	gone	${SWARM_PERSIST_DIR}/harness-work/PLUGINS-O1082/BRIEF-improve-pass1-astra.md
2026-09-21T00:46:01Z	swarm-agy-review-shape1	lens-plugin-swarm-fleet-mcp	done	${SWARM_PERSIST_DIR}/harness-work/PLUGINS-O1082/LENS-swarm-fleet-mcp.md
2026-09-21T00:46:01Z	swarm-agy-review-correctness1	lens-plugin-swarm-cut-hygiene	done	${SWARM_PERSIST_DIR}/harness-work/PLUGINS-O1082/LENS-swarm-cut-hygiene.md
2026-09-21T00:47:46Z	swarm-worker-B2-parity-B	parity-validate	dispatched	${SWARM_PERSIST_DIR}/harness-work/PLUGINS-O1082/BRIEF-parity-validate.md
2026-09-21T00:47:57Z	swarm-worker-B1-plugtest-B	plugin-swarm-dispatch-ops-fx2	dispatched	REFUTE-2-shape2.md
2026-09-21T00:49:07Z	swarm-worker-B3-fix-B	hb-fixer	dispatched	${SWARM_PERSIST_DIR}/harness-work/HB-O1084/FIXER-BRIEF.md
2026-09-21T00:49:20Z	swarm-worker-B4-fix-B	hb-fixer-2	dispatched	${SWARM_PERSIST_DIR}/harness-work/HB-O1084/FIXER-BRIEF.md
2026-09-21T00:53:05Z	swarm-worker-B5-fix-B	hb-fixer-3	dispatched	${SWARM_PERSIST_DIR}/harness-work/HB-O1084/FIXER-BRIEF.md
2026-09-21T00:56:02Z	swarm-worker-B1-plugtest-B	live-test-claudeB	escalated	${SWARM_PERSIST_DIR}/harness-work/PLUGINS-O1082/BRIEF-live-test.md
2026-09-21T00:57:52Z	swarm-cx-hblens-1x	lens-hb-swarm-cx-hblens-1x	dispatched	${SWARM_PERSIST_DIR}/harness-work/HB-O1084/LENS-swarm-cx-hblens-1x.md
2026-09-21T00:57:52Z	swarm-cx-hblens-2x	lens-hb-swarm-cx-hblens-2x	dispatched	${SWARM_PERSIST_DIR}/harness-work/HB-O1084/LENS-swarm-cx-hblens-2x.md
2026-09-21T00:57:52Z	swarm-cx-hblens-3x	lens-hb-swarm-cx-hblens-3x	dispatched	${SWARM_PERSIST_DIR}/harness-work/HB-O1084/LENS-swarm-cx-hblens-3x.md
2026-09-21T00:57:58Z	swarm-review-correctness-B1x-hb-B	lens-hb-swarm-review-correctness-B1x-hb-B	dispatched	${SWARM_PERSIST_DIR}/harness-work/HB-O1084/LENS-swarm-review-correctness-B1x-hb-B.md
2026-09-21T00:58:03Z	swarm-review-correctness-B2x-hb-B	lens-hb-swarm-review-correctness-B2x-hb-B	dispatched	${SWARM_PERSIST_DIR}/harness-work/HB-O1084/LENS-swarm-review-correctness-B2x-hb-B.md
2026-09-21T00:58:09Z	swarm-review-correctness-B3x-hb-B	lens-hb-swarm-review-correctness-B3x-hb-B	dispatched	${SWARM_PERSIST_DIR}/harness-work/HB-O1084/LENS-swarm-review-correctness-B3x-hb-B.md
2026-09-21T01:00:26Z	swarm-worker-B1-plugtest-B	hook-mention-fix	dispatched	${SWARM_PERSIST_DIR}/harness-work/PLUGINS-O1082/BRIEF-hook-mention-fix.md
2026-09-21T01:06:01Z	swarm-worker-B3-fix-B	hb-fixer	done	${SWARM_PERSIST_DIR}/harness-work/HB-O1084/FIXER-BRIEF.md
2026-09-21T01:06:08Z	swarm-review-correctness-B2-hb-B	lens-hb-swarm-review-correctness-B2-hb-B	resent	${SWARM_PERSIST_DIR}/harness-work/HB-O1084/LENS-swarm-review-correctness-B2-hb-B.md
2026-09-21T01:06:15Z	swarm-review-correctness-B1-hb-B	lens-hb-swarm-review-correctness-B1-hb-B	resent	${SWARM_PERSIST_DIR}/harness-work/HB-O1084/LENS-swarm-review-correctness-B1-hb-B.md
2026-09-21T01:06:15Z	swarm-cx-hblens-2	lens-hb-swarm-cx-hblens-2	aborted	${SWARM_PERSIST_DIR}/harness-work/HB-O1084/LENS-swarm-cx-hblens-2.md
2026-09-21T01:06:15Z	swarm-review-correctness-B3-hb-B	lens-hb-swarm-review-correctness-B3-hb-B	done	${SWARM_PERSIST_DIR}/harness-work/HB-O1084/LENS-swarm-review-correctness-B3-hb-B.md
2026-09-21T01:06:16Z	swarm-worker-B2-parity-B	parity-validate	gone	${SWARM_PERSIST_DIR}/harness-work/PLUGINS-O1082/BRIEF-parity-validate.md
2026-09-21T01:06:16Z	swarm-worker-B1-plugtest-B	plugin-swarm-dispatch-ops-fx2	done	REFUTE-2-shape2.md
2026-09-21T01:06:16Z	swarm-cx-hblens-1	lens-hb-swarm-cx-hblens-1	done	${SWARM_PERSIST_DIR}/harness-work/HB-O1084/LENS-swarm-cx-hblens-1.md
2026-09-21T01:06:16Z	swarm-cx-hblens-3	lens-hb-swarm-cx-hblens-3	aborted	${SWARM_PERSIST_DIR}/harness-work/HB-O1084/LENS-swarm-cx-hblens-3.md
2026-09-21T01:06:16Z	swarm-worker-B4-fix-B	hb-fixer-2	done	${SWARM_PERSIST_DIR}/harness-work/HB-O1084/FIXER-BRIEF.md
2026-09-21T01:13:18Z	swarm-cx-hblens-3x	lens-hb-swarm-cx-hblens-3x	aborted	${SWARM_PERSIST_DIR}/harness-work/HB-O1084/LENS-swarm-cx-hblens-3x.md
2026-09-21T01:13:24Z	swarm-worker-B5-fix-B	hb-fixer-3	resent	${SWARM_PERSIST_DIR}/harness-work/HB-O1084/FIXER-BRIEF.md
2026-09-21T01:13:25Z	swarm-review-correctness-B2x-hb-B	lens-hb-swarm-review-correctness-B2x-hb-B	done	${SWARM_PERSIST_DIR}/harness-work/HB-O1084/LENS-swarm-review-correctness-B2x-hb-B.md
2026-09-21T01:13:26Z	swarm-review-correctness-B3x-hb-B	lens-hb-swarm-review-correctness-B3x-hb-B	done	${SWARM_PERSIST_DIR}/harness-work/HB-O1084/LENS-swarm-review-correctness-B3x-hb-B.md
2026-09-21T01:13:26Z	swarm-cx-hblens-2x	lens-hb-swarm-cx-hblens-2x	aborted	${SWARM_PERSIST_DIR}/harness-work/HB-O1084/LENS-swarm-cx-hblens-2x.md
2026-09-21T01:13:26Z	swarm-cx-hblens-1x	lens-hb-swarm-cx-hblens-1x	aborted	${SWARM_PERSIST_DIR}/harness-work/HB-O1084/LENS-swarm-cx-hblens-1x.md
2026-09-21T01:13:26Z	swarm-review-correctness-B1x-hb-B	lens-hb-swarm-review-correctness-B1x-hb-B	done	${SWARM_PERSIST_DIR}/harness-work/HB-O1084/LENS-swarm-review-correctness-B1x-hb-B.md
2026-09-21T01:14:47Z	swarm-worker-B1-plugtest-B	rebase-syn69	dispatched	${SWARM_PERSIST_DIR}/harness-work/HB-O1084/REBASE-BRIEF.md
2026-09-21T01:14:53Z	swarm-worker-B4-fix-B	rebase-syn34-44	dispatched	${SWARM_PERSIST_DIR}/harness-work/HB-O1084/REBASE-BRIEF.md
2026-09-21T01:16:02Z	swarm-worker-B1-plugtest-B	hook-mention-fix	done	${SWARM_PERSIST_DIR}/harness-work/PLUGINS-O1082/BRIEF-hook-mention-fix.md
2026-09-21T01:21:55Z	swarm-worker-B6-hooktest-B	hooktest-b6	dispatched	${SWARM_PERSIST_DIR}/harness-work/PLUGINS-O1082/BRIEF-hooktest-B6.md
2026-09-21T01:26:01Z	swarm-review-correctness-B2-hb-B	lens-hb-swarm-review-correctness-B2-hb-B	done	${SWARM_PERSIST_DIR}/harness-work/HB-O1084/LENS-swarm-review-correctness-B2-hb-B.md (H514 DONE.md present)
2026-09-21T01:26:01Z	swarm-review-correctness-B1-hb-B	lens-hb-swarm-review-correctness-B1-hb-B	done	${SWARM_PERSIST_DIR}/harness-work/HB-O1084/LENS-swarm-review-correctness-B1-hb-B.md (H514 DONE.md present)
2026-09-21T01:32:38Z	swarm-worker-B7-trialcorpus-B	trial-corpus	dispatched	${SWARM_PERSIST_DIR}/harness-work/TRIAL-O1106/BRIEF-corpus.md
2026-09-21T01:36:01Z	swarm-worker-B4-fix-B	rebase-syn34-44	done	${SWARM_PERSIST_DIR}/harness-work/HB-O1084/REBASE-BRIEF.md
2026-09-21T01:36:01Z	swarm-worker-B5-fix-B	hb-fixer-3	done	${SWARM_PERSIST_DIR}/harness-work/HB-O1084/FIXER-BRIEF.md
2026-09-21T01:36:02Z	swarm-worker-B1-plugtest-B	rebase-syn69	done	${SWARM_PERSIST_DIR}/harness-work/HB-O1084/REBASE-BRIEF.md
2026-09-21T01:42:04Z	swarm-worker-B1-plugtest-B	fix-SYN-61	dispatched	${SWARM_PERSIST_DIR}/harness-work/HB-O1084/FIXER-BRIEF.md
2026-09-21T01:42:10Z	swarm-worker-B5-fix-B	fix-SYN-63	dispatched	${SWARM_PERSIST_DIR}/harness-work/HB-O1084/FIXER-BRIEF.md
2026-09-21T01:42:15Z	swarm-worker-B3-fix-B	fix-SYN-71	dispatched	${SWARM_PERSIST_DIR}/harness-work/HB-O1084/FIXER-BRIEF.md
2026-09-21T01:44:03Z	swarm-integrator-B	hb-integrate-nonG1	dispatched	${SWARM_PERSIST_DIR}/harness-work/HB-O1084/INTEGRATOR-B-BRIEF.md
2026-09-21T01:45:46Z	swarm-worker-B4-fix-B	rebase-syn14	dispatched	${SWARM_PERSIST_DIR}/harness-work/HB-O1084/REBASE-BRIEF.md
2026-09-21T01:46:02Z	swarm-worker-B6-hooktest-B	hooktest-b6	gone	${SWARM_PERSIST_DIR}/harness-work/PLUGINS-O1082/BRIEF-hooktest-B6.md
2026-09-21T01:49:02Z	swarm-worker-B5-fix-B	rebase-syn48-guard	dispatched	${SWARM_PERSIST_DIR}/harness-work/HB-O1084/REBASE-BRIEF.md
2026-09-21T01:56:01Z	swarm-worker-B7-trialcorpus-B	trial-corpus	gone	${SWARM_PERSIST_DIR}/harness-work/TRIAL-O1106/BRIEF-corpus.md
2026-09-21T01:56:01Z	swarm-agy-review-correctness3	lens-plugin-swarm-lens	gone	${SWARM_PERSIST_DIR}/harness-work/PLUGINS-O1082/LENS-swarm-lens.md
2026-09-21T01:56:01Z	swarm-agy-review-correctness2	lens-plugin-swarm-context-guard	gone	${SWARM_PERSIST_DIR}/harness-work/PLUGINS-O1082/LENS-swarm-context-guard.md
2026-09-21T01:56:01Z	swarm-agy-review-correctness3	lens2-plugin-swarm-lens	gone	${SWARM_PERSIST_DIR}/harness-work/PLUGINS-O1082/LENS2-swarm-lens.md
2026-09-21T01:56:01Z	swarm-agy-worker9	live-test-agy	gone	${SWARM_PERSIST_DIR}/harness-work/PLUGINS-O1082/BRIEF-live-test.md
2026-09-21T01:56:01Z	swarm-agy-review-correctness2	lens2-plugin-swarm-context-guard	gone	${SWARM_PERSIST_DIR}/harness-work/PLUGINS-O1082/LENS2-swarm-context-guard.md
2026-09-21T02:06:01Z	swarm-integrator-B	hb-integrate-nonG1	done	${SWARM_PERSIST_DIR}/harness-work/HB-O1084/INTEGRATOR-B-BRIEF.md
2026-09-21T02:06:02Z	swarm-worker-B4-fix-B	rebase-syn14	done	${SWARM_PERSIST_DIR}/harness-work/HB-O1084/REBASE-BRIEF.md
2026-09-21T02:06:02Z	swarm-worker-B5-fix-B	fix-SYN-63	done	${SWARM_PERSIST_DIR}/harness-work/HB-O1084/FIXER-BRIEF.md
2026-09-21T02:06:02Z	swarm-worker-B1-plugtest-B	fix-SYN-61	done	${SWARM_PERSIST_DIR}/harness-work/HB-O1084/FIXER-BRIEF.md
2026-09-21T02:06:02Z	swarm-worker-B5-fix-B	rebase-syn48-guard	done	${SWARM_PERSIST_DIR}/harness-work/HB-O1084/REBASE-BRIEF.md
2026-09-21T02:06:09Z	swarm-worker-B3-fix-B	fix-SYN-71	resent	${SWARM_PERSIST_DIR}/harness-work/HB-O1084/FIXER-BRIEF.md
2026-09-21T02:16:01Z	swarm-cx-hblens-3x	lens-hb-swarm-cx-hblens-3x	done	${SWARM_PERSIST_DIR}/harness-work/HB-O1084/LENS-swarm-cx-hblens-3x.md
2026-09-21T02:16:01Z	swarm-cx-hblens-2	lens-hb-swarm-cx-hblens-2	done	${SWARM_PERSIST_DIR}/harness-work/HB-O1084/LENS-swarm-cx-hblens-2.md
2026-09-21T02:26:02Z	swarm-worker-B3-fix-B	fix-SYN-71	escalated	${SWARM_PERSIST_DIR}/harness-work/HB-O1084/FIXER-BRIEF.md
2026-09-21T02:26:39Z	swarm-worker-B3-fix-B	lessonsA-lessons-5	dispatched	${SWARM_PERSIST_DIR}/harness-work/HB-O1084/LESSONS-A-BRIEF.md
2026-09-21T02:26:45Z	swarm-worker-B5-fix-B	lessonsA-lessons-11	dispatched	${SWARM_PERSIST_DIR}/harness-work/HB-O1084/LESSONS-A-BRIEF.md
2026-09-21T02:26:50Z	swarm-worker-B4-fix-B	rebase-syn21	dispatched	${SWARM_PERSIST_DIR}/harness-work/HB-O1084/REBASE-BRIEF.md
2026-09-21T02:31:36Z	swarm-worker-B8-narr-B	narration-meter	dispatched	${SWARM_PERSIST_DIR}/harness-work/PLUGINS-O1082/BRIEF-narration-meter.md
2026-09-21T02:42:02Z	swarm-worker-B4-fix-B	rebase-syn25	dispatched	${SWARM_PERSIST_DIR}/harness-work/HB-O1084/REBASE-BRIEF.md
2026-09-21T02:46:01Z	swarm-worker-B5-fix-B	lessonsA-lessons-11	done	${SWARM_PERSIST_DIR}/harness-work/HB-O1084/LESSONS-A-BRIEF.md
2026-09-21T02:46:08Z	swarm-worker-B3-fix-B	lessonsA-lessons-5	resent	${SWARM_PERSIST_DIR}/harness-work/HB-O1084/LESSONS-A-BRIEF.md
2026-09-21T02:46:08Z	swarm-worker-B4-fix-B	rebase-syn21	done	${SWARM_PERSIST_DIR}/harness-work/HB-O1084/REBASE-BRIEF.md
2026-09-21T02:56:02Z	swarm-worker-B8-narr-B	narration-meter	done	${SWARM_PERSIST_DIR}/harness-work/PLUGINS-O1082/BRIEF-narration-meter.md
2026-09-21T03:06:02Z	swarm-worker-B3-fix-B	lessonsA-lessons-5	escalated	${SWARM_PERSIST_DIR}/harness-work/HB-O1084/LESSONS-A-BRIEF.md
2026-09-21T03:06:02Z	swarm-worker-B4-fix-B	rebase-syn25	done	${SWARM_PERSIST_DIR}/harness-work/HB-O1084/REBASE-BRIEF.md
2026-09-21T03:08:10Z	swarm-worker-B1-plugtest-B	rebase-SYN-70	dispatched	${SWARM_PERSIST_DIR}/harness-work/HB-O1084/REBASE-BRIEF.md
2026-09-21T03:08:16Z	swarm-worker-B5-fix-B	rebase-SYN-72	dispatched	${SWARM_PERSIST_DIR}/harness-work/HB-O1084/REBASE-BRIEF.md
2026-09-21T03:26:01Z	swarm-cx-hblens-2x	lens-hb-swarm-cx-hblens-2x	gone	${SWARM_PERSIST_DIR}/harness-work/HB-O1084/LENS-swarm-cx-hblens-2x.md
2026-09-21T03:26:01Z	swarm-cx-hblens-1x	lens-hb-swarm-cx-hblens-1x	gone	${SWARM_PERSIST_DIR}/harness-work/HB-O1084/LENS-swarm-cx-hblens-1x.md
2026-09-21T03:26:01Z	swarm-worker-B5-fix-B	rebase-SYN-72	done	${SWARM_PERSIST_DIR}/harness-work/HB-O1084/REBASE-BRIEF.md
2026-09-21T03:26:11Z	swarm-worker-B1-plugtest-B	rebase-SYN-70	resent	${SWARM_PERSIST_DIR}/harness-work/HB-O1084/REBASE-BRIEF.md
2026-09-21T09:31:27Z	swarm-pm-F51-B	quiz-1	dispatched	${SWARM_PERSIST_DIR}/harness-work/QUIZ-1-brief.md
2026-09-21T09:41:14Z	swarm-pm-F51-B	quiz-2	dispatched	${SWARM_PERSIST_DIR}/harness-work/QUIZ-2-brief.md
2026-09-21T09:46:01Z	swarm-cx-hblens-3	lens-hb-swarm-cx-hblens-3	gone	${SWARM_PERSIST_DIR}/harness-work/HB-O1084/LENS-swarm-cx-hblens-3.md
2026-09-21T09:46:01Z	swarm-worker-B1-plugtest-B	rebase-SYN-70	gone	${SWARM_PERSIST_DIR}/harness-work/HB-O1084/REBASE-BRIEF.md
2026-09-21T09:56:01Z	swarm-pm-F51-B	quiz-1	done	${SWARM_PERSIST_DIR}/harness-work/QUIZ-1-brief.md
2026-09-21T10:06:01Z	swarm-pm-F51-B	quiz-2	done	${SWARM_PERSIST_DIR}/harness-work/QUIZ-2-brief.md
2026-09-21T10:08:28Z	swarm-worker-B1-B	mainred-triage	dispatched	${SWARM_PERSIST_DIR}/harness-work/HB-F51/BRIEF-mainred-triage.md
2026-09-21T10:08:33Z	swarm-cx-worker-1	SYN-80	dispatched	${SWARM_PERSIST_DIR}/harness-work/HB-F51/BRIEF-SYN-80.md
2026-09-21T10:08:40Z	swarm-agy-teamlead4	SYN-F1-F2	dispatched	${SWARM_PERSIST_DIR}/harness-work/HB-F51/BRIEF-SYN-F1-F2.md
2026-09-21T10:20:50Z	swarm-worker-B1-B	mainred-triage	dispatched	${SWARM_PERSIST_DIR}/harness-work/HB-F51/BRIEF-mainred-triage.md
2026-09-21T10:26:02Z	swarm-agy-teamlead4	SYN-F1-F2	aborted	${SWARM_PERSIST_DIR}/harness-work/HB-F51/BRIEF-SYN-F1-F2.md
2026-09-21T10:26:02Z	swarm-cx-worker-1	SYN-80	done	${SWARM_PERSIST_DIR}/harness-work/HB-F51/BRIEF-SYN-80.md (H514 DONE.md present)
2026-09-21T10:32:05Z	swarm-worker-B2-B	prose-grace	dispatched	${SWARM_PERSIST_DIR}/harness-work/HB-F51/BRIEF-prose-grace.md
2026-09-21T10:32:10Z	swarm-cx-worker-2	crontab-loss	dispatched	${SWARM_PERSIST_DIR}/harness-work/HB-F51/BRIEF-crontab-loss.md
2026-09-21T10:32:16Z	swarm-cx-worker-3	agy-usage-4	dispatched	${SWARM_PERSIST_DIR}/harness-work/HB-F51/BRIEF-agy-usage-4.md
2026-09-21T10:32:22Z	swarm-cx-worker-1	token-levers	dispatched	${SWARM_PERSIST_DIR}/harness-work/HB-F51/BRIEF-token-levers.md
2026-09-21T10:32:29Z	swarm-agy-teamlead4	dispatch-ops-bashc	dispatched	${SWARM_PERSIST_DIR}/harness-work/HB-F51/BRIEF-dispatch-ops-bashc.md
2026-09-21T10:32:35Z	swarm-agy-teamlead4	parity-agy	dispatched	${SWARM_PERSIST_DIR}/harness-work/HB-F51/BRIEF-parity-agy.md
2026-09-21T10:32:41Z	swarm-review-lite-A1-A	backlog-top10	dispatched	${SWARM_PERSIST_DIR}/harness-work/HB-F51/BRIEF-backlog-top10.md
2026-09-21T10:36:01Z	swarm-worker-B1-B	mainred-triage	done	${SWARM_PERSIST_DIR}/harness-work/HB-F51/BRIEF-mainred-triage.md (H514 DONE.md present)
2026-09-21T10:56:01Z	swarm-cx-worker-1	token-levers	done	${SWARM_PERSIST_DIR}/harness-work/HB-F51/BRIEF-token-levers.md (H440 DONE.md/offer signal)
2026-09-21T10:56:01Z	swarm-worker-B2-B	prose-grace	done	${SWARM_PERSIST_DIR}/harness-work/HB-F51/BRIEF-prose-grace.md (H514 DONE.md present)
2026-09-21T10:56:01Z	swarm-review-lite-A1-A	backlog-top10	done	${SWARM_PERSIST_DIR}/harness-work/HB-F51/BRIEF-backlog-top10.md (H440 DONE.md/offer signal)
2026-09-21T10:56:02Z	swarm-cx-worker-3	agy-usage-4	aborted	${SWARM_PERSIST_DIR}/harness-work/HB-F51/BRIEF-agy-usage-4.md
2026-09-21T10:56:02Z	swarm-cx-worker-2	crontab-loss	aborted	${SWARM_PERSIST_DIR}/harness-work/HB-F51/BRIEF-crontab-loss.md
2026-09-21T10:56:02Z	swarm-agy-teamlead4	dispatch-ops-bashc	done	${SWARM_PERSIST_DIR}/harness-work/HB-F51/BRIEF-dispatch-ops-bashc.md (H514 DONE.md present)
2026-09-21T10:56:02Z	swarm-agy-teamlead4	parity-agy	done	${SWARM_PERSIST_DIR}/harness-work/HB-F51/BRIEF-parity-agy.md (H514 DONE.md present)
2026-09-21T11:45:29Z	swarm-worker-B1-B	mainred-A-eventloop	dispatched	${SWARM_PERSIST_DIR}/harness-work/HB-F51/BRIEF-mainred-A-eventloop.md
2026-09-21T11:45:38Z	swarm-worker-B2-B	idle-push	dispatched	${SWARM_PERSIST_DIR}/harness-work/HB-F51/BRIEF-idle-push.md
2026-09-21T11:45:46Z	swarm-worker-B3-B	mainred-C-parity	dispatched	${SWARM_PERSIST_DIR}/harness-work/HB-F51/BRIEF-mainred-C-parity.md
2026-09-21T11:45:54Z	swarm-worker-B4-B	law-slim	dispatched	${SWARM_PERSIST_DIR}/harness-work/HB-F51/BRIEF-law-slim.md
2026-09-21T11:46:00Z	swarm-cx-worker-1	mainred-stale	dispatched	${SWARM_PERSIST_DIR}/harness-work/HB-F51/BRIEF-mainred-stale.md
2026-09-21T11:46:06Z	swarm-cx-worker-2	mainred-B-capture	dispatched	${SWARM_PERSIST_DIR}/harness-work/HB-F51/BRIEF-mainred-B-capture.md
2026-09-21T11:46:12Z	swarm-cx-worker-3	lens-two-cut	dispatched	${SWARM_PERSIST_DIR}/harness-work/HB-F51/BRIEF-lens-two-cut.md
2026-09-21T11:46:19Z	swarm-agy-teamlead4	mainred-hostbound	dispatched	${SWARM_PERSIST_DIR}/harness-work/HB-F51/BRIEF-mainred-hostbound.md
2026-09-21T11:46:25Z	swarm-agy-teamlead4	mainred-r1-telemetry	dispatched	${SWARM_PERSIST_DIR}/harness-work/HB-F51/BRIEF-mainred-r1-telemetry.md
2026-09-21T11:46:31Z	swarm-agy-teamlead4	mainred-r2-backoff	dispatched	${SWARM_PERSIST_DIR}/harness-work/HB-F51/BRIEF-mainred-r2-backoff.md
2026-09-21T11:46:38Z	swarm-agy-teamlead4	mainred-r3-sparse	dispatched	${SWARM_PERSIST_DIR}/harness-work/HB-F51/BRIEF-mainred-r3-sparse.md
2026-09-21T11:48:20Z	swarm-agy-teamlead1	ordered-groups	dispatched	${SWARM_PERSIST_DIR}/harness-work/HB-F51/BRIEF-ordered-groups.md
2026-09-21T11:48:26Z	swarm-agy-teamlead3	codex-worker-mode	dispatched	${SWARM_PERSIST_DIR}/harness-work/HB-F51/BRIEF-codex-worker-mode.md
2026-09-21T11:51:57Z	mock-seat	cut2	dispatched	/tmp/tmp.qsJTBGusR2/harness-work/batch/GROUP-cut1.md
2026-09-21T11:51:57Z	mock-seat	GROUP-cut1	dispatched	/tmp/tmp.qsJTBGusR2/harness-work/batch/GROUP-cut1.md
2026-09-21T11:56:01Z	swarm-agy-teamlead4	SYN-F1-F2	done	${SWARM_PERSIST_DIR}/harness-work/HB-F51/BRIEF-SYN-F1-F2.md
2026-09-21T12:00:37Z	swarm-agy-teamlead4	codex-worker-mode	dispatched	${SWARM_PERSIST_DIR}/harness-work/HB-F51/BRIEF-codex-worker-mode.md
2026-09-21T12:06:01Z	swarm-worker-B4-B	law-slim	done	${SWARM_PERSIST_DIR}/harness-work/HB-F51/BRIEF-law-slim.md
2026-09-21T12:06:01Z	swarm-agy-teamlead1	ordered-groups	done	${SWARM_PERSIST_DIR}/harness-work/HB-F51/BRIEF-ordered-groups.md (H514 DONE.md present)
2026-09-21T12:06:02Z	swarm-cx-worker-1	mainred-stale	aborted	${SWARM_PERSIST_DIR}/harness-work/HB-F51/BRIEF-mainred-stale.md
2026-09-21T12:06:11Z	swarm-worker-B3-B	mainred-C-parity	resent	${SWARM_PERSIST_DIR}/harness-work/HB-F51/BRIEF-mainred-C-parity.md
2026-09-21T12:06:11Z	swarm-agy-teamlead4	mainred-r2-backoff	done	${SWARM_PERSIST_DIR}/harness-work/HB-F51/BRIEF-mainred-r2-backoff.md
2026-09-21T12:06:12Z	swarm-cx-worker-3	agy-usage-4	done	${SWARM_PERSIST_DIR}/harness-work/HB-F51/BRIEF-agy-usage-4.md (H514 DONE.md present)
2026-09-21T12:06:21Z	swarm-worker-B1-B	mainred-A-eventloop	resent	${SWARM_PERSIST_DIR}/harness-work/HB-F51/BRIEF-mainred-A-eventloop.md
2026-09-21T12:06:21Z	swarm-cx-worker-2	crontab-loss	done	${SWARM_PERSIST_DIR}/harness-work/HB-F51/BRIEF-crontab-loss.md (H514 DONE.md present)
2026-09-21T12:06:21Z	swarm-cx-worker-3	lens-two-cut	done	${SWARM_PERSIST_DIR}/harness-work/HB-F51/BRIEF-lens-two-cut.md (H514 DONE.md present)
2026-09-21T12:06:22Z	swarm-agy-teamlead4	mainred-r1-telemetry	done	${SWARM_PERSIST_DIR}/harness-work/HB-F51/BRIEF-mainred-r1-telemetry.md
2026-09-21T12:06:22Z	swarm-agy-teamlead3	codex-worker-mode	done	${SWARM_PERSIST_DIR}/harness-work/HB-F51/BRIEF-codex-worker-mode.md (H514 DONE.md present)
2026-09-21T12:06:22Z	swarm-agy-teamlead4	mainred-hostbound	done	${SWARM_PERSIST_DIR}/harness-work/HB-F51/BRIEF-mainred-hostbound.md
2026-09-21T12:06:22Z	swarm-agy-teamlead4	mainred-r3-sparse	done	${SWARM_PERSIST_DIR}/harness-work/HB-F51/BRIEF-mainred-r3-sparse.md
2026-09-21T12:06:23Z	swarm-cx-worker-2	mainred-B-capture	aborted	${SWARM_PERSIST_DIR}/harness-work/HB-F51/BRIEF-mainred-B-capture.md
2026-09-21T12:06:23Z	swarm-worker-B2-B	idle-push	done	${SWARM_PERSIST_DIR}/harness-work/HB-F51/BRIEF-idle-push.md (H514 DONE.md present)
2026-09-21T12:09:01Z	swarm-cx-worker-1	mainred-stale	done	${SWARM_PERSIST_DIR}/harness-work/HB-F51/BRIEF-mainred-stale.md
2026-09-21T12:16:01Z	mock-seat	GROUP-cut1	gone	/tmp/tmp.qsJTBGusR2/harness-work/batch/GROUP-cut1.md
2026-09-21T12:16:01Z	swarm-agy-teamlead4	codex-worker-mode	done	${SWARM_PERSIST_DIR}/harness-work/HB-F51/BRIEF-codex-worker-mode.md (H514 DONE.md present)
2026-09-21T12:16:01Z	mock-seat	cut2	gone	/tmp/tmp.qsJTBGusR2/harness-work/batch/GROUP-cut1.md
2026-09-21T12:26:02Z	swarm-worker-B3-B	mainred-C-parity	aborted	${SWARM_PERSIST_DIR}/harness-work/HB-F51/BRIEF-mainred-C-parity.md
2026-09-21T12:26:02Z	swarm-worker-B1-B	mainred-A-eventloop	escalated	${SWARM_PERSIST_DIR}/harness-work/HB-F51/BRIEF-mainred-A-eventloop.md
2026-09-21T12:27:19Z	swarm-cx-worker-1	row965-token-refresh	dispatched	${SWARM_PERSIST_DIR}/harness-work/ROWS-W3/BRIEF-965-proactive-token-refresh.md
2026-09-21T12:27:34Z	swarm-cx-worker-3	row968-zero-copy	dispatched	${SWARM_PERSIST_DIR}/harness-work/ROWS-W3/BRIEF-968-zero-copy-assembly.md
2026-09-21T12:27:42Z	swarm-worker-B2-B	row961-prompt-cache	dispatched	${SWARM_PERSIST_DIR}/harness-work/ROWS-W3/BRIEF-961-subagent-prompt-cache.md
2026-09-21T12:27:51Z	swarm-worker-B4-B	row962-shard-balancer	dispatched	${SWARM_PERSIST_DIR}/harness-work/ROWS-W3/BRIEF-962-dynamic-shard-balancer.md
2026-09-21T12:28:20Z	swarm-cx-worker-2	row966-chunk-sizing	dispatched	${SWARM_PERSIST_DIR}/harness-work/ROWS-W3/BRIEF-966-adaptive-chunk-sizing.md
2026-09-21T12:30:01Z	swarm-worker-B4-B	row962-shard-balancer	done	${SWARM_PERSIST_DIR}/harness-work/ROWS-W3/BRIEF-962-dynamic-shard-balancer.md
2026-09-21T12:33:39Z	swarm-cx-worker-1	row967-video-dedup	dispatched	${SWARM_PERSIST_DIR}/harness-work/ROWS-W3/BRIEF-967-video-dedup-filter.md
2026-09-21T12:36:01Z	swarm-cx-worker-1	row967-video-dedup	done	${SWARM_PERSIST_DIR}/harness-work/ROWS-W3/BRIEF-967-video-dedup-filter.md
2026-09-21T12:46:02Z	swarm-cx-worker-2	row966-chunk-sizing	aborted	${SWARM_PERSIST_DIR}/harness-work/ROWS-W3/BRIEF-966-adaptive-chunk-sizing.md
2026-09-21T12:46:02Z	swarm-cx-worker-1	row965-token-refresh	aborted	${SWARM_PERSIST_DIR}/harness-work/ROWS-W3/BRIEF-965-proactive-token-refresh.md
2026-09-21T12:46:02Z	swarm-cx-worker-3	row968-zero-copy	aborted	${SWARM_PERSIST_DIR}/harness-work/ROWS-W3/BRIEF-968-zero-copy-assembly.md
2026-09-21T12:46:02Z	swarm-worker-B2-B	row961-prompt-cache	done	${SWARM_PERSIST_DIR}/harness-work/ROWS-W3/BRIEF-961-subagent-prompt-cache.md (H440 DONE.md/offer signal)
2026-09-21T12:59:31Z	swarm-worker-B2-B	mainred-r6-sig	dispatched	${SWARM_PERSIST_DIR}/harness-work/HB-F51/BRIEF-mainred-r6-sig.md
2026-09-21T13:02:11Z	swarm-worker-B3-B	sg1-dom-chrome	dispatched	${SWARM_PERSIST_DIR}/harness-work/STALE-GATE/BRIEF-sg1-dom-chrome-filtering.md
2026-09-21T13:02:19Z	swarm-worker-B4-B	sg2-worker-band	dispatched	${SWARM_PERSIST_DIR}/harness-work/STALE-GATE/BRIEF-sg2-worker-band-ratchets.md
2026-09-21T13:02:25Z	swarm-cx-worker-3	sg3-signal-semantics	dispatched	${SWARM_PERSIST_DIR}/harness-work/STALE-GATE/BRIEF-sg3-signal-semantics.md
2026-09-21T13:02:33Z	swarm-worker-B1-B	sg5-capture-behavior	dispatched	${SWARM_PERSIST_DIR}/harness-work/STALE-GATE/BRIEF-sg5-capture-behavior.md
2026-09-21T13:13:04Z	swarm-cx-worker-3	sg6-config-manifest	dispatched	${SWARM_PERSIST_DIR}/harness-work/STALE-GATE/BRIEF-sg6-config-manifest-compliance.md
2026-09-21T13:16:11Z	swarm-worker-B2-B	mainred-r6-sig	resent	${SWARM_PERSIST_DIR}/harness-work/HB-F51/BRIEF-mainred-r6-sig.md
2026-09-21T13:16:11Z	swarm-cx-worker-2	mainred-B-capture	done	${SWARM_PERSIST_DIR}/harness-work/HB-F51/BRIEF-mainred-B-capture.md (H440 DONE.md/offer signal)
2026-09-21T13:18:01Z	swarm-worker-B2-B	mainred-r6-sig	done	${SWARM_PERSIST_DIR}/harness-work/HB-F51/BRIEF-mainred-r6-sig.md
2026-09-21T13:26:12Z	swarm-worker-B3-B	sg1-dom-chrome	resent	${SWARM_PERSIST_DIR}/harness-work/STALE-GATE/BRIEF-sg1-dom-chrome-filtering.md
2026-09-21T13:26:12Z	swarm-worker-B1-B	sg5-capture-behavior	aborted	${SWARM_PERSIST_DIR}/harness-work/STALE-GATE/BRIEF-sg5-capture-behavior.md
2026-09-21T13:26:22Z	swarm-worker-B4-B	sg2-worker-band	resent	${SWARM_PERSIST_DIR}/harness-work/STALE-GATE/BRIEF-sg2-worker-band-ratchets.md
2026-09-21T13:26:23Z	swarm-cx-worker-3	sg3-signal-semantics	aborted	${SWARM_PERSIST_DIR}/harness-work/STALE-GATE/BRIEF-sg3-signal-semantics.md
2026-09-21T13:30:01Z	swarm-worker-B4-B	sg2-worker-band	done	${SWARM_PERSIST_DIR}/harness-work/STALE-GATE/BRIEF-sg2-worker-band-ratchets.md
2026-09-21T13:33:01Z	swarm-worker-B3-B	sg1-dom-chrome	done	${SWARM_PERSIST_DIR}/harness-work/STALE-GATE/BRIEF-sg1-dom-chrome-filtering.md
2026-09-21T13:36:02Z	swarm-cx-worker-3	sg6-config-manifest	aborted	${SWARM_PERSIST_DIR}/harness-work/STALE-GATE/BRIEF-sg6-config-manifest-compliance.md
2026-09-21T13:36:12Z	swarm-worker-B3-B	mainred-C-parity	resent	${SWARM_PERSIST_DIR}/harness-work/HB-F51/BRIEF-mainred-C-parity.md
2026-09-21T13:42:38Z	swarm-worker-B2-B	sg7-auth-token	dispatched	${SWARM_PERSIST_DIR}/harness-work/STALE-GATE/BRIEF-sg7-auth-token-lifecycle.md
2026-09-21T13:42:46Z	swarm-worker-B4-B	sg8-parity-version	dispatched	${SWARM_PERSIST_DIR}/harness-work/STALE-GATE/BRIEF-sg8-parity-version-regression.md
2026-09-21T13:43:44Z	swarm-cx-worker-2	playwright-loop-leak	dispatched	${SWARM_PERSIST_DIR}/harness-work/HB-F51/BRIEF-playwright-loop-leak.md
2026-09-21T13:43:52Z	swarm-worker-B3-B	sg9-network-settle	dispatched	${SWARM_PERSIST_DIR}/harness-work/STALE-GATE/BRIEF-sg9-network-settlement-barrier.md
2026-09-21T13:46:02Z	swarm-cx-worker-2	row966-chunk-sizing	done	${SWARM_PERSIST_DIR}/harness-work/ROWS-W3/BRIEF-966-adaptive-chunk-sizing.md (H440 DONE.md/offer signal)
2026-09-21T13:48:01Z	swarm-cx-worker-3	sg3-signal-semantics	done	${SWARM_PERSIST_DIR}/harness-work/STALE-GATE/BRIEF-sg3-signal-semantics.md
2026-09-21T13:51:01Z	swarm-cx-worker-3	sg6-config-manifest	done	${SWARM_PERSIST_DIR}/harness-work/STALE-GATE/BRIEF-sg6-config-manifest-compliance.md
2026-09-21T13:52:31Z	swarm-cx-worker-1	quota-route	dispatched	${SWARM_PERSIST_DIR}/harness-work/HB-F51/BRIEF-quota-route.md
2026-09-21T13:52:39Z	swarm-worker-B4-B	sg10-sparse-tests	dispatched	${SWARM_PERSIST_DIR}/harness-work/STALE-GATE/BRIEF-sg10-sparse-single-tests.md
2026-09-21T13:56:01Z	swarm-worker-B3-B	mainred-C-parity	escalated	${SWARM_PERSIST_DIR}/harness-work/HB-F51/BRIEF-mainred-C-parity.md
2026-09-21T14:00:01Z	swarm-cx-worker-3	row968-zero-copy	done	${SWARM_PERSIST_DIR}/harness-work/ROWS-W3/BRIEF-968-zero-copy-assembly.md
2026-09-21T14:06:01Z	swarm-worker-B2-B	sg7-auth-token	done	${SWARM_PERSIST_DIR}/harness-work/STALE-GATE/BRIEF-sg7-auth-token-lifecycle.md
2026-09-21T14:06:11Z	swarm-worker-B4-B	sg8-parity-version	resent	${SWARM_PERSIST_DIR}/harness-work/STALE-GATE/BRIEF-sg8-parity-version-regression.md
2026-09-21T14:06:11Z	swarm-cx-worker-2	playwright-loop-leak	done	${SWARM_PERSIST_DIR}/harness-work/HB-F51/BRIEF-playwright-loop-leak.md (H514 DONE.md present)
2026-09-21T14:06:21Z	swarm-worker-B3-B	sg9-network-settle	resent	${SWARM_PERSIST_DIR}/harness-work/STALE-GATE/BRIEF-sg9-network-settlement-barrier.md
2026-09-21T14:15:01Z	swarm-worker-B3-B	sg9-network-settle	done	${SWARM_PERSIST_DIR}/harness-work/STALE-GATE/BRIEF-sg9-network-settlement-barrier.md
2026-09-21T14:16:11Z	swarm-worker-B4-B	sg10-sparse-tests	resent	${SWARM_PERSIST_DIR}/harness-work/STALE-GATE/BRIEF-sg10-sparse-single-tests.md
2026-09-21T14:16:12Z	swarm-cx-worker-1	quota-route	done	${SWARM_PERSIST_DIR}/harness-work/HB-F51/BRIEF-quota-route.md (H514 DONE.md present)
2026-09-21T14:21:01Z	swarm-worker-B1-B	mainred-A-eventloop	done	${SWARM_PERSIST_DIR}/harness-work/HB-F51/BRIEF-mainred-A-eventloop.md
2026-09-21T14:26:02Z	swarm-worker-B4-B	sg8-parity-version	escalated	${SWARM_PERSIST_DIR}/harness-work/STALE-GATE/BRIEF-sg8-parity-version-regression.md
2026-09-21T14:30:01Z	swarm-worker-B4-B	sg10-sparse-tests	done	${SWARM_PERSIST_DIR}/harness-work/STALE-GATE/BRIEF-sg10-sparse-single-tests.md
2026-09-21T14:39:01Z	swarm-worker-B4-B	sg8-parity-version	done	${SWARM_PERSIST_DIR}/harness-work/STALE-GATE/BRIEF-sg8-parity-version-regression.md
2026-09-21T15:11:32Z	swarm-worker-B3-B	H611-verdict-names	dispatched	${SWARM_PERSIST_DIR}/harness-work/HB-F51/BRIEF-H611-verdict-seat-names-and-boardgate.md
2026-09-21T15:11:40Z	swarm-worker-B4-B	H610-lens-tier	dispatched	${SWARM_PERSIST_DIR}/harness-work/HB-F51/BRIEF-H610-assign-lens-tier-routing.md
2026-09-21T15:11:46Z	swarm-cx-worker-1	H607-sentinel	dispatched	${SWARM_PERSIST_DIR}/harness-work/HB-F51/BRIEF-H607-quota-sentinel-phantom-check.md
2026-09-21T15:11:52Z	swarm-cx-worker-2	H604-scoped-board	dispatched	${SWARM_PERSIST_DIR}/harness-work/HB-F51/BRIEF-H604-scoped-board-line1.md
2026-09-21T15:11:58Z	swarm-cx-worker-3	H603-imports-staging	dispatched	${SWARM_PERSIST_DIR}/harness-work/HB-F51/BRIEF-H603-train-finish-imports-staging.md
2026-09-21T15:12:07Z	swarm-worker-B2-B	H606-patch-sha	dispatched	${SWARM_PERSIST_DIR}/harness-work/HB-F51/BRIEF-H606-reproducible-patch-sha256.md
2026-09-21T15:24:59Z	swarm-cx-worker-1	H605-precollect	dispatched	${SWARM_PERSIST_DIR}/harness-work/HB-F51/BRIEF-H605-precollect-multiblocker-warn.md
2026-09-21T15:25:05Z	swarm-cx-worker-3	H608-owners	dispatched	${SWARM_PERSIST_DIR}/harness-work/HB-F51/BRIEF-H608-harness-owners-h-number.md
2026-09-21T15:36:11Z	swarm-worker-B4-B	H610-lens-tier	resent	${SWARM_PERSIST_DIR}/harness-work/HB-F51/BRIEF-H610-assign-lens-tier-routing.md
2026-09-21T15:36:21Z	swarm-worker-B3-B	H611-verdict-names	resent	${SWARM_PERSIST_DIR}/harness-work/HB-F51/BRIEF-H611-verdict-seat-names-and-boardgate.md
2026-09-21T15:36:21Z	swarm-cx-worker-2	H604-scoped-board	aborted	${SWARM_PERSIST_DIR}/harness-work/HB-F51/BRIEF-H604-scoped-board-line1.md
2026-09-21T15:36:22Z	swarm-cx-worker-3	H603-imports-staging	aborted	${SWARM_PERSIST_DIR}/harness-work/HB-F51/BRIEF-H603-train-finish-imports-staging.md
2026-09-21T15:36:31Z	swarm-worker-B2-B	H606-patch-sha	resent	${SWARM_PERSIST_DIR}/harness-work/HB-F51/BRIEF-H606-reproducible-patch-sha256.md
2026-09-21T15:36:32Z	swarm-cx-worker-1	H607-sentinel	aborted	${SWARM_PERSIST_DIR}/harness-work/HB-F51/BRIEF-H607-quota-sentinel-phantom-check.md
2026-09-21T15:41:48Z	swarm-worker-B2-B	sqlite-lock	dispatched	${SWARM_PERSIST_DIR}/harness-work/HB-F51/BRIEF-sqlite-lock.md
2026-09-21T15:42:57Z	swarm-worker-B5-B	H611-verdict-names	dispatched	${SWARM_PERSIST_DIR}/harness-work/HB-F51/BRIEF-H611-verdict-seat-names-and-boardgate.md
2026-09-21T15:43:03Z	swarm-cx-worker-2	H612-append-only	dispatched	${SWARM_PERSIST_DIR}/harness-work/HB-F51/BRIEF-H612-append-only-verdicts.md
2026-09-21T15:46:02Z	swarm-cx-worker-1	H605-precollect	aborted	${SWARM_PERSIST_DIR}/harness-work/HB-F51/BRIEF-H605-precollect-multiblocker-warn.md
2026-09-21T15:46:03Z	swarm-cx-worker-3	H608-owners	aborted	${SWARM_PERSIST_DIR}/harness-work/HB-F51/BRIEF-H608-harness-owners-h-number.md
2026-09-21T15:52:23Z	swarm-worker-B4-B	H614-allowlist	dispatched	${SWARM_PERSIST_DIR}/harness-work/HB-F51/BRIEF-H614-allowlist-expiry.md
2026-09-21T15:56:02Z	swarm-worker-B4-B	H610-lens-tier	escalated	${SWARM_PERSIST_DIR}/harness-work/HB-F51/BRIEF-H610-assign-lens-tier-routing.md
2026-09-21T15:56:11Z	swarm-worker-B3-B	H611-verdict-names	escalated	${SWARM_PERSIST_DIR}/harness-work/HB-F51/BRIEF-H611-verdict-seat-names-and-boardgate.md
2026-09-21T15:56:19Z	swarm-worker-B2-B	H606-patch-sha	aborted	${SWARM_PERSIST_DIR}/harness-work/HB-F51/BRIEF-H606-reproducible-patch-sha256.md
2026-09-21T16:06:11Z	swarm-worker-B5-B	H611-verdict-names	resent	${SWARM_PERSIST_DIR}/harness-work/HB-F51/BRIEF-H611-verdict-seat-names-and-boardgate.md
2026-09-21T16:06:12Z	swarm-cx-worker-2	H612-append-only	aborted	${SWARM_PERSIST_DIR}/harness-work/HB-F51/BRIEF-H612-append-only-verdicts.md
2026-09-21T16:06:13Z	swarm-worker-B2-B	sqlite-lock	aborted	${SWARM_PERSIST_DIR}/harness-work/HB-F51/BRIEF-sqlite-lock.md
2026-09-21T16:09:02Z	swarm-worker-B2-B	sqlite-lock	done	${SWARM_PERSIST_DIR}/harness-work/HB-F51/BRIEF-sqlite-lock.md
2026-09-21T16:16:11Z	swarm-worker-B4-B	H614-allowlist	resent	${SWARM_PERSIST_DIR}/harness-work/HB-F51/BRIEF-H614-allowlist-expiry.md
2026-09-21T16:26:01Z	swarm-worker-B5-B	H611-verdict-names	done	${SWARM_PERSIST_DIR}/harness-work/HB-F51/BRIEF-H611-verdict-seat-names-and-boardgate.md
2026-09-21T16:36:02Z	swarm-worker-B4-B	H614-allowlist	escalated	${SWARM_PERSIST_DIR}/harness-work/HB-F51/BRIEF-H614-allowlist-expiry.md
2026-09-21T16:46:01Z	swarm-worker-B1-B	sg5-capture-behavior	gone	${SWARM_PERSIST_DIR}/harness-work/STALE-GATE/BRIEF-sg5-capture-behavior.md
2026-09-21T17:16:14Z	swarm-worker-B2-B	H606-patch-sha	resent	${SWARM_PERSIST_DIR}/harness-work/HB-F51/BRIEF-H606-reproducible-patch-sha256.md
2026-09-21T17:36:04Z	swarm-worker-B2-B	H606-patch-sha	aborted	${SWARM_PERSIST_DIR}/harness-work/HB-F51/BRIEF-H606-reproducible-patch-sha256.md
2026-09-21T18:56:11Z	swarm-worker-B2-B	H606-patch-sha	resent	${SWARM_PERSIST_DIR}/harness-work/HB-F51/BRIEF-H606-reproducible-patch-sha256.md
2026-09-21T19:16:04Z	swarm-worker-B2-B	H606-patch-sha	escalated	${SWARM_PERSIST_DIR}/harness-work/HB-F51/BRIEF-H606-reproducible-patch-sha256.md
2026-09-21T19:16:37Z	swarm-worker-B2-B	H606-patch-sha	done	${SWARM_PERSIST_DIR}/harness-work/HB-F51/H606/DONE.md (PATCH 15:14Z, BOARD, deployed; closed by PM Opus-C-B)
2026-09-21T19:42:01Z	swarm-cx-worker-1	row965-token-refresh	done	${SWARM_PERSIST_DIR}/harness-work/ROWS-W3/BRIEF-965-proactive-token-refresh.md
2026-09-21T21:11:30Z	swarm-cx-worker-2	H612-append-only	done	${SWARM_PERSIST_DIR}/harness-work/HB-F51/BRIEF-H612-append-only-verdicts.md (H514 DONE.md present)
2026-09-21T21:11:30Z	swarm-cx-worker-1	H605-precollect	done	${SWARM_PERSIST_DIR}/harness-work/HB-F51/BRIEF-H605-precollect-multiblocker-warn.md (H514 DONE.md present)
2026-09-21T21:11:30Z	swarm-cx-worker-3	H608-owners	done	${SWARM_PERSIST_DIR}/harness-work/HB-F51/BRIEF-H608-harness-owners-h-number.md (H514 DONE.md present)
2026-09-21T21:11:30Z	swarm-cx-worker-2	H604-scoped-board	done	${SWARM_PERSIST_DIR}/harness-work/HB-F51/BRIEF-H604-scoped-board-line1.md (H514 DONE.md present)
2026-09-21T21:11:31Z	swarm-cx-worker-1	H607-sentinel	done	${SWARM_PERSIST_DIR}/harness-work/HB-F51/BRIEF-H607-quota-sentinel-phantom-check.md (H514 DONE.md present)
2026-09-21T22:16:01Z	swarm-cx-worker-3	H603-imports-staging	done	${SWARM_PERSIST_DIR}/harness-work/HB-F51/BRIEF-H603-train-finish-imports-staging.md
2026-09-22T21:29:54Z	swarm-worker-W2-B	981	dispatched	/home/mboyle/swarm-codex-briefs/ROW981-20260922T2129Z.md
2026-09-22T21:30:00Z	swarm-worker-W4-B	1039	dispatched	/home/mboyle/swarm-codex-briefs/ROW1039-20260922T2129Z.md
2026-09-22T21:30:06Z	swarm-worker-W1-A	1040	dispatched	/home/mboyle/swarm-codex-briefs/ROW1040-20260922T2129Z.md
2026-09-22T21:30:12Z	swarm-worker-W3-A	1042	dispatched	/home/mboyle/swarm-codex-briefs/ROW1042-20260922T2129Z.md
2026-09-22T21:33:01Z	swarm-agy-worker-g1	row980	dispatched	${SWARM_PERSIST_DIR}/harness-work/PLAN-2040/ORDERS-2133-BOUNCE-row980.md
2026-09-22T21:33:01Z	swarm-worker-W2-B	981	done	/home/mboyle/swarm-codex-briefs/ROW981-20260922T2129Z.md
2026-09-22T21:33:08Z	swarm-agy-worker-g2	row1015	dispatched	${SWARM_PERSIST_DIR}/harness-work/PLAN-2040/ORDERS-2133-BOUNCE-row1015.md
2026-09-22T21:33:15Z	swarm-agy-worker-g3	row1033	dispatched	${SWARM_PERSIST_DIR}/harness-work/PLAN-2040/ORDERS-2133-BOUNCE-row1033.md
2026-09-22T21:33:22Z	swarm-agy-worker-g4	row1069	dispatched	${SWARM_PERSIST_DIR}/harness-work/PLAN-2040/ORDERS-2133-BOUNCE-row1069.md
2026-09-22T21:35:16Z	swarm-agy-worker-g5	963	dispatched	/home/mboyle/swarm-codex-briefs/ROW963-20260922T2135Z.md
2026-09-22T21:35:23Z	swarm-agy-worker-g6	1043	dispatched	/home/mboyle/swarm-codex-briefs/ROW1043-20260922T2135Z.md
2026-09-22T21:35:30Z	swarm-agy-worker-g7	1064	dispatched	/home/mboyle/swarm-codex-briefs/ROW1064-20260922T2135Z.md
2026-09-22T21:36:01Z	swarm-worker-W1-A	1040	done	/home/mboyle/swarm-codex-briefs/ROW1040-20260922T2129Z.md
2026-09-22T21:39:01Z	swarm-worker-W3-A	1042	done	/home/mboyle/swarm-codex-briefs/ROW1042-20260922T2129Z.md
2026-09-22T21:39:01Z	swarm-agy-worker-g1	row980	done	${SWARM_PERSIST_DIR}/harness-work/PLAN-2040/ORDERS-2133-BOUNCE-row980.md
2026-09-22T21:42:01Z	swarm-agy-worker-g6	1043	done	/home/mboyle/swarm-codex-briefs/ROW1043-20260922T2135Z.md
2026-09-22T21:42:01Z	swarm-agy-worker-g2	row1015	done	${SWARM_PERSIST_DIR}/harness-work/PLAN-2040/ORDERS-2133-BOUNCE-row1015.md
2026-09-22T21:43:20Z	swarm-worker-W2-B	row1011	dispatched	${SWARM_PERSIST_DIR}/harness-work/PLAN-2040/ORDERS-2143-BOUNCE-row1011.md
2026-09-22T21:43:26Z	swarm-worker-W1-A	row1024	dispatched	${SWARM_PERSIST_DIR}/harness-work/PLAN-2040/ORDERS-2143-BOUNCE-row1024.md
2026-09-22T21:45:01Z	swarm-agy-worker-g3	row1033	done	${SWARM_PERSIST_DIR}/harness-work/PLAN-2040/ORDERS-2133-BOUNCE-row1033.md
2026-09-22T21:45:07Z	swarm-worker-W3-A	row1078	dispatched	${SWARM_PERSIST_DIR}/harness-work/PLAN-2040/ORDERS-2147-BOUNCE-row1078-HIGH.md
2026-09-22T21:46:02Z	swarm-worker-W4-B	1039	done	/home/mboyle/swarm-codex-briefs/ROW1039-20260922T2129Z.md (H514 DONE.md present)
2026-09-22T21:48:01Z	swarm-worker-W1-A	row1024	done	${SWARM_PERSIST_DIR}/harness-work/PLAN-2040/ORDERS-2143-BOUNCE-row1024.md
2026-09-22T21:51:01Z	swarm-agy-worker-g4	row1069	done	${SWARM_PERSIST_DIR}/harness-work/PLAN-2040/ORDERS-2133-BOUNCE-row1069.md
2026-09-22T21:51:01Z	swarm-worker-W2-B	row1011	done	${SWARM_PERSIST_DIR}/harness-work/PLAN-2040/ORDERS-2143-BOUNCE-row1011.md
2026-09-22T21:53:03Z	swarm-worker-W5-A	row1045	dispatched	${SWARM_PERSIST_DIR}/harness-work/PLAN-2040/ORDERS-2153-BOUNCE-row1045.md
2026-09-22T21:54:58Z	swarm-worker-W7-A	h686-appsafety-hang	dispatched	${SWARM_PERSIST_DIR}/harness-work/PLAN-2040/ORDERS-2156-H686-FIX-W7A.md
2026-09-22T21:55:03Z	swarm-worker-W2-B	row1021	dispatched	${SWARM_PERSIST_DIR}/harness-work/PLAN-2040/ORDERS-2156-REBASE-row1021-W2B.md
2026-09-22T21:56:01Z	swarm-agy-worker-g7	1064	done	/home/mboyle/swarm-codex-briefs/ROW1064-20260922T2135Z.md (H514 DONE.md present)
2026-09-22T21:56:02Z	swarm-agy-worker-g5	963	aborted	/home/mboyle/swarm-codex-briefs/ROW963-20260922T2135Z.md
2026-09-22T21:57:01Z	swarm-worker-W3-A	row1078	done	${SWARM_PERSIST_DIR}/harness-work/PLAN-2040/ORDERS-2147-BOUNCE-row1078-HIGH.md
2026-09-22T22:00:01Z	swarm-worker-W2-B	row1021	done	${SWARM_PERSIST_DIR}/harness-work/PLAN-2040/ORDERS-2156-REBASE-row1021-W2B.md
2026-09-22T22:01:15Z	swarm-agy-worker-g7	row1064	dispatched	${SWARM_PERSIST_DIR}/harness-work/PLAN-2040/ORDERS-2202-BOUNCE-row1064-HIGH.md
2026-09-22T22:03:01Z	swarm-worker-W5-A	row1045	done	${SWARM_PERSIST_DIR}/harness-work/PLAN-2040/ORDERS-2153-BOUNCE-row1045.md
2026-09-22T22:03:13Z	swarm-worker-W1-A	row1011	dispatched	${SWARM_PERSIST_DIR}/harness-work/PLAN-2040/ORDERS-2205-BOUNCE-row1011-r2.md
2026-09-22T22:03:20Z	swarm-agy-worker-g8	row1019	dispatched	${SWARM_PERSIST_DIR}/harness-work/PLAN-2040/ORDERS-2205-BOUNCE-row1019.md
2026-09-22T22:05:16Z	swarm-worker-W4-B	row1046	dispatched	${SWARM_PERSIST_DIR}/harness-work/PLAN-2040/ORDERS-2208-BOUNCE-row1046-HIGH.md
2026-09-22T22:05:23Z	swarm-worker-W2-B	row1015-red	dispatched	${SWARM_PERSIST_DIR}/harness-work/PLAN-2040/ORDERS-2208-DEEPLANE-row1015.md
2026-09-22T22:05:29Z	swarm-worker-W3-A	row1015	dispatched	${SWARM_PERSIST_DIR}/harness-work/PLAN-2040/ORDERS-2208-DEEPLANE-row1015.md
2026-09-22T22:06:01Z	swarm-agy-worker-g5	963	done	/home/mboyle/swarm-codex-briefs/ROW963-20260922T2135Z.md
2026-09-22T22:13:08Z	swarm-worker-W5-A	row1033-red	dispatched	${SWARM_PERSIST_DIR}/harness-work/PLAN-2040/ORDERS-2213-DEEPLANE-row1033.md
2026-09-22T22:13:15Z	swarm-agy-worker-g9	row1033	dispatched	${SWARM_PERSIST_DIR}/harness-work/PLAN-2040/ORDERS-2213-DEEPLANE-row1033.md
2026-09-22T22:15:08Z	swarm-agy-worker-g6	row1078	dispatched	${SWARM_PERSIST_DIR}/harness-work/PLAN-2040/ORDERS-2225-BOUNCE-row1078-r2.md
2026-09-22T22:16:01Z	swarm-worker-W7-A	h686-appsafety-hang	aborted	${SWARM_PERSIST_DIR}/harness-work/PLAN-2040/ORDERS-2156-H686-FIX-W7A.md
2026-09-22T22:21:01Z	swarm-agy-worker-g7	row1064	done	${SWARM_PERSIST_DIR}/harness-work/PLAN-2040/ORDERS-2202-BOUNCE-row1064-HIGH.md
2026-09-22T22:21:01Z	swarm-worker-W4-B	row1046	done	${SWARM_PERSIST_DIR}/harness-work/PLAN-2040/ORDERS-2208-BOUNCE-row1046-HIGH.md
2026-09-22T22:21:01Z	swarm-agy-worker-g6	row1078	done	${SWARM_PERSIST_DIR}/harness-work/PLAN-2040/ORDERS-2225-BOUNCE-row1078-r2.md
2026-09-22T22:26:02Z	swarm-worker-W3-A	row1015	done	${SWARM_PERSIST_DIR}/harness-work/PLAN-2040/ORDERS-2208-DEEPLANE-row1015.md (H514 DONE.md present)
2026-09-22T22:26:02Z	swarm-agy-worker-g8	row1019	done	${SWARM_PERSIST_DIR}/harness-work/PLAN-2040/ORDERS-2205-BOUNCE-row1019.md (H514 DONE.md present)
2026-09-22T22:26:02Z	swarm-worker-W1-A	row1011	done	${SWARM_PERSIST_DIR}/harness-work/PLAN-2040/ORDERS-2205-BOUNCE-row1011-r2.md (H514 DONE.md present)
2026-09-22T22:26:11Z	swarm-worker-W2-B	row1015-red	resent	${SWARM_PERSIST_DIR}/harness-work/PLAN-2040/ORDERS-2208-DEEPLANE-row1015.md
2026-09-22T22:27:01Z	swarm-agy-worker-g9	row1033	done	${SWARM_PERSIST_DIR}/harness-work/PLAN-2040/ORDERS-2213-DEEPLANE-row1033.md
2026-09-22T22:27:01Z	swarm-worker-W7-A	h686-appsafety-hang	done	${SWARM_PERSIST_DIR}/harness-work/PLAN-2040/ORDERS-2156-H686-FIX-W7A.md
2026-09-22T22:31:46Z	swarm-worker-W2-B	row1078-red	dispatched	${SWARM_PERSIST_DIR}/harness-work/PLAN-2040/ORDERS-2233-DEEPLANE-row1078.md
2026-09-22T22:31:52Z	swarm-worker-W4-B	row1078	dispatched	${SWARM_PERSIST_DIR}/harness-work/PLAN-2040/ORDERS-2233-DEEPLANE-row1078.md
2026-09-22T22:36:11Z	swarm-worker-W5-A	row1033-red	resent	${SWARM_PERSIST_DIR}/harness-work/PLAN-2040/ORDERS-2213-DEEPLANE-row1033.md
2026-09-22T22:42:01Z	swarm-worker-W4-B	row1078	done	${SWARM_PERSIST_DIR}/harness-work/PLAN-2040/ORDERS-2233-DEEPLANE-row1078.md
2026-09-22T22:42:54Z	swarm-agy-worker-g5	row963	dispatched	${SWARM_PERSIST_DIR}/harness-work/PLAN-2040/ORDERS-2250-BOUNCE-row963.md
2026-09-22T22:43:33Z	swarm-pm-B	row1033-red	done	RED-author step complete (PM, H699)
2026-09-22T22:43:33Z	swarm-pm-B	row1015-red	done	RED-author step complete (PM, H699)
2026-09-22T22:43:33Z	swarm-pm-B	row1078-red	done	RED-author step complete (PM, H699)
2026-09-22T22:45:28Z	swarm-worker-W5-A	row963	dispatched	${SWARM_PERSIST_DIR}/harness-work/PLAN-2040/ORDERS-2255-BOUNCE-row963-W5A.md
2026-09-22T22:46:01Z	swarm-worker-W2-B	row1015-red	done	${SWARM_PERSIST_DIR}/harness-work/PLAN-2040/ORDERS-2208-DEEPLANE-row1015.md
2026-09-22T22:55:11Z	swarm-worker-W6-B	row1014	dispatched	${SWARM_PERSIST_DIR}/harness-work/PLAN-2040/ORDERS-2330-BOUNCE-row1014-HIGH.md
2026-09-22T22:56:09Z	swarm-worker-W2-B	row1078-red	resent	${SWARM_PERSIST_DIR}/harness-work/PLAN-2040/ORDERS-2233-DEEPLANE-row1078.md
2026-09-22T22:56:10Z	swarm-worker-W5-A	row1033-red	aborted	${SWARM_PERSIST_DIR}/harness-work/PLAN-2040/ORDERS-2213-DEEPLANE-row1033.md
2026-09-22T22:56:57Z	swarm-worker-W8-B	row1005	dispatched	${SWARM_PERSIST_DIR}/harness-work/PLAN-2040/ORDERS-2337-BOUNCE-row1005.md
2026-09-22T22:57:03Z	swarm-worker-W9-B	row1019	dispatched	${SWARM_PERSIST_DIR}/harness-work/PLAN-2040/ORDERS-2337-BOUNCE-row1019.md
2026-09-22T22:57:09Z	swarm-worker-W10-B	row1033	dispatched	${SWARM_PERSIST_DIR}/harness-work/PLAN-2040/ORDERS-2337-BOUNCE-row1033.md
2026-09-22T23:02:36Z	swarm-worker-W2-B	row1032	dispatched	${SWARM_PERSIST_DIR}/harness-work/PLAN-2040/ORDERS-2302-BOUNCE-row1032.md
2026-09-22T23:12:01Z	swarm-worker-W2-B	row1032	done	${SWARM_PERSIST_DIR}/harness-work/PLAN-2040/ORDERS-2302-BOUNCE-row1032.md
2026-09-22T23:02:30Z	swarm-worker-W1-A	row1017	dispatched	${SWARM_PERSIST_DIR}/harness-work/PLAN-2040/ORDERS-2302-BOUNCE-row1017.md
2026-09-22T23:09:01Z	swarm-worker-W1-A	row1017	done	${SWARM_PERSIST_DIR}/harness-work/PLAN-2040/ORDERS-2302-BOUNCE-row1017.md
2026-09-22T23:02:42Z	swarm-worker-W3-A	row1060	dispatched	${SWARM_PERSIST_DIR}/harness-work/PLAN-2040/ORDERS-2302-BOUNCE-row1060.md
2026-09-22T23:02:48Z	swarm-worker-W4-B	row983	dispatched	${SWARM_PERSIST_DIR}/harness-work/PLAN-2040/ORDERS-2302-BOUNCE-row983.md
2026-09-22T23:02:54Z	swarm-worker-W7-A	row997	dispatched	${SWARM_PERSIST_DIR}/harness-work/PLAN-2040/ORDERS-2302-BOUNCE-row997.md
2026-09-22T23:03:26Z	swarm-worker-W7-A	row1062	dispatched	${SWARM_PERSIST_DIR}/harness-work/PLAN-2040/ORDERS-2303-BOUNCE-row1062-HIGH.md
2026-09-22T23:06:01Z	swarm-worker-W5-A	row963	done	${SWARM_PERSIST_DIR}/harness-work/PLAN-2040/ORDERS-2255-BOUNCE-row963-W5A.md (H514 DONE.md present)
2026-09-22T23:06:01Z	swarm-agy-worker-g5	row963	done	${SWARM_PERSIST_DIR}/harness-work/PLAN-2040/ORDERS-2250-BOUNCE-row963.md (H514 DONE.md present)
2026-09-22T23:07:24Z	swarm-worker-W8-B	row1026	dispatched	${SWARM_PERSIST_DIR}/harness-work/PLAN-2040/ORDERS-2307-BOUNCE-row1026-HIGH.md
2026-09-22T23:09:01Z	swarm-worker-W4-B	row983	done	${SWARM_PERSIST_DIR}/harness-work/PLAN-2040/ORDERS-2302-BOUNCE-row983.md
2026-09-22T23:09:02Z	swarm-worker-W3-A	row1060	done	${SWARM_PERSIST_DIR}/harness-work/PLAN-2040/ORDERS-2302-BOUNCE-row1060.md
2026-09-22T23:12:01Z	swarm-worker-W8-B	row1005	done	${SWARM_PERSIST_DIR}/harness-work/PLAN-2040/ORDERS-2337-BOUNCE-row1005.md
2026-09-22T23:16:01Z	swarm-worker-W2-B	row1078-red	done	${SWARM_PERSIST_DIR}/harness-work/PLAN-2040/ORDERS-2233-DEEPLANE-row1078.md
2026-09-22T23:16:02Z	swarm-worker-W6-B	row1014	done	${SWARM_PERSIST_DIR}/harness-work/PLAN-2040/ORDERS-2330-BOUNCE-row1014-HIGH.md (H514 DONE.md present)
2026-09-22T23:16:02Z	swarm-worker-W10-B	row1033	done	${SWARM_PERSIST_DIR}/harness-work/PLAN-2040/ORDERS-2337-BOUNCE-row1033.md (H514 DONE.md present)
2026-09-22T23:16:02Z	swarm-worker-W9-B	row1019	done	${SWARM_PERSIST_DIR}/harness-work/PLAN-2040/ORDERS-2337-BOUNCE-row1019.md (H514 DONE.md present)
2026-09-22T23:16:58Z	swarm-worker-W4-B	row1078-secretscan	dispatched	${SWARM_PERSIST_DIR}/harness-work/PLAN-2040/ORDERS-2312-row1078-SECRETSCAN-W4B.md
2026-09-22T23:17:15Z	swarm-worker-W1-A	row1004	dispatched	${SWARM_PERSIST_DIR}/harness-work/PLAN-2040/ORDERS-2312-BOUNCE-row1004.md
2026-09-22T23:17:22Z	swarm-worker-W3-A	row1009	dispatched	${SWARM_PERSIST_DIR}/harness-work/PLAN-2040/ORDERS-2312-BOUNCE-row1009.md
2026-09-22T23:17:28Z	swarm-worker-W4-B	row1048	dispatched	${SWARM_PERSIST_DIR}/harness-work/PLAN-2040/ORDERS-2312-BOUNCE-row1048.md
2026-09-22T23:17:33Z	swarm-worker-W2-B	row1049	dispatched	${SWARM_PERSIST_DIR}/harness-work/PLAN-2040/ORDERS-2312-BOUNCE-row1049.md
2026-09-22T23:17:40Z	swarm-worker-W5-A	row1057	dispatched	${SWARM_PERSIST_DIR}/harness-work/PLAN-2040/ORDERS-2312-BOUNCE-row1057.md
2026-09-22T23:17:46Z	swarm-worker-W6-B	row1058	dispatched	${SWARM_PERSIST_DIR}/harness-work/PLAN-2040/ORDERS-2312-BOUNCE-row1058.md
2026-09-22T23:17:52Z	swarm-worker-W9-B	row1072	dispatched	${SWARM_PERSIST_DIR}/harness-work/PLAN-2040/ORDERS-2312-BOUNCE-row1072.md
2026-09-22T23:17:58Z	swarm-worker-W10-B	row984	dispatched	${SWARM_PERSIST_DIR}/harness-work/PLAN-2040/ORDERS-2312-BOUNCE-row984.md
2026-09-22T23:18:02Z	swarm-worker-W7-A	row997	done	${SWARM_PERSIST_DIR}/harness-work/PLAN-2040/ORDERS-2302-BOUNCE-row997.md
2026-09-22T23:18:04Z	swarm-worker-W1-A	row998	dispatched	${SWARM_PERSIST_DIR}/harness-work/PLAN-2040/ORDERS-2312-BOUNCE-row998.md
2026-09-22T23:21:01Z	swarm-worker-W8-B	row1026	done	${SWARM_PERSIST_DIR}/harness-work/PLAN-2040/ORDERS-2307-BOUNCE-row1026-HIGH.md
2026-09-22T23:21:01Z	swarm-worker-W9-B	row1072	done	${SWARM_PERSIST_DIR}/harness-work/PLAN-2040/ORDERS-2312-BOUNCE-row1072.md
2026-09-22T23:23:48Z	swarm-worker-W2-B	row1028	dispatched	${SWARM_PERSIST_DIR}/harness-work/PLAN-2040/ORDERS-2323-BOUNCE-row1028.md
2026-09-22T23:23:54Z	swarm-worker-W3-A	row1053	dispatched	${SWARM_PERSIST_DIR}/harness-work/PLAN-2040/ORDERS-2323-BOUNCE-row1053.md
2026-09-22T23:24:00Z	swarm-worker-W6-B	row1077	dispatched	${SWARM_PERSIST_DIR}/harness-work/PLAN-2040/ORDERS-2323-BOUNCE-row1077.md
2026-09-22T23:24:06Z	swarm-worker-W9-B	row994	dispatched	${SWARM_PERSIST_DIR}/harness-work/PLAN-2040/ORDERS-2323-BOUNCE-row994.md
2026-09-22T23:24:12Z	swarm-worker-W2-B	row1021	dispatched	${SWARM_PERSIST_DIR}/harness-work/PLAN-2040/ORDERS-2323-BOUNCE-row1021.md
2026-09-22T23:26:02Z	swarm-worker-W7-A	row1062	done	${SWARM_PERSIST_DIR}/harness-work/PLAN-2040/ORDERS-2303-BOUNCE-row1062-HIGH.md (H514 DONE.md present)
2026-09-22T23:27:01Z	swarm-worker-W3-A	row1009	done	${SWARM_PERSIST_DIR}/harness-work/PLAN-2040/ORDERS-2312-BOUNCE-row1009.md
2026-09-22T23:27:01Z	swarm-worker-W2-B	row1049	done	${SWARM_PERSIST_DIR}/harness-work/PLAN-2040/ORDERS-2312-BOUNCE-row1049.md
2026-09-22T23:30:01Z	swarm-worker-W6-B	row1058	done	${SWARM_PERSIST_DIR}/harness-work/PLAN-2040/ORDERS-2312-BOUNCE-row1058.md
2026-09-22T23:33:01Z	swarm-worker-W1-A	row1004	done	${SWARM_PERSIST_DIR}/harness-work/PLAN-2040/ORDERS-2312-BOUNCE-row1004.md
2026-09-22T23:33:41Z	swarm-worker-W8-B	row1038	dispatched	${SWARM_PERSIST_DIR}/harness-work/PLAN-2040/ORDERS-2345-BOUNCE-row1038-W8B.md
2026-09-22T23:33:47Z	swarm-worker-W9-A	row977	dispatched	${SWARM_PERSIST_DIR}/harness-work/PLAN-2040/ORDERS-2345-BOUNCE-row977-W9A.md
2026-09-22T23:36:01Z	swarm-worker-W5-A	row1057	done	${SWARM_PERSIST_DIR}/harness-work/PLAN-2040/ORDERS-2312-BOUNCE-row1057.md
2026-09-22T23:36:01Z	swarm-worker-W10-B	row984	done	${SWARM_PERSIST_DIR}/harness-work/PLAN-2040/ORDERS-2312-BOUNCE-row984.md (H514 DONE.md present)
2026-09-22T23:36:12Z	swarm-worker-W4-B	row1078-secretscan	resent	${SWARM_PERSIST_DIR}/harness-work/PLAN-2040/ORDERS-2312-row1078-SECRETSCAN-W4B.md
2026-09-22T23:36:13Z	swarm-worker-W4-B	row1048	done	${SWARM_PERSIST_DIR}/harness-work/PLAN-2040/ORDERS-2312-BOUNCE-row1048.md (H514 DONE.md present)
2026-09-22T23:36:13Z	swarm-worker-W1-A	row998	done	${SWARM_PERSIST_DIR}/harness-work/PLAN-2040/ORDERS-2312-BOUNCE-row998.md (H514 DONE.md present)
2026-09-22T23:42:01Z	swarm-worker-W2-B	row1028	done	${SWARM_PERSIST_DIR}/harness-work/PLAN-2040/ORDERS-2323-BOUNCE-row1028.md
2026-09-22T23:46:01Z	swarm-worker-W2-B	row1021	done	${SWARM_PERSIST_DIR}/harness-work/PLAN-2040/ORDERS-2323-BOUNCE-row1021.md (H514 DONE.md present)
2026-09-22T23:46:02Z	swarm-worker-W3-A	row1053	done	${SWARM_PERSIST_DIR}/harness-work/PLAN-2040/ORDERS-2323-BOUNCE-row1053.md (H514 DONE.md present)
2026-09-22T23:46:02Z	swarm-worker-W6-B	row1077	done	${SWARM_PERSIST_DIR}/harness-work/PLAN-2040/ORDERS-2323-BOUNCE-row1077.md (H514 DONE.md present)
2026-09-22T23:46:02Z	swarm-worker-W9-B	row994	done	${SWARM_PERSIST_DIR}/harness-work/PLAN-2040/ORDERS-2323-BOUNCE-row994.md (H514 DONE.md present)
2026-09-22T23:56:01Z	swarm-worker-W9-A	row977	done	${SWARM_PERSIST_DIR}/harness-work/PLAN-2040/ORDERS-2345-BOUNCE-row977-W9A.md (H514 DONE.md present)
2026-09-22T23:56:01Z	swarm-worker-W4-B	row1078-secretscan	escalated	${SWARM_PERSIST_DIR}/harness-work/PLAN-2040/ORDERS-2312-row1078-SECRETSCAN-W4B.md
2026-09-22T23:56:11Z	swarm-worker-W1-A	row1046	dispatched	${SWARM_PERSIST_DIR}/harness-work/PLAN-2040/ORDERS-0013-BOUNCE-row1046-W1A.md
2026-09-22T23:56:12Z	swarm-worker-W8-B	row1038	done	${SWARM_PERSIST_DIR}/harness-work/PLAN-2040/ORDERS-2345-BOUNCE-row1038-W8B.md (H514 DONE.md present)
2026-09-22T23:56:17Z	swarm-worker-W2-B	row1064	dispatched	${SWARM_PERSIST_DIR}/harness-work/PLAN-2040/ORDERS-0013-BOUNCE-row1064-W2B.md
2026-09-22T23:56:23Z	swarm-worker-W4-B	row1063	dispatched	${SWARM_PERSIST_DIR}/harness-work/PLAN-2040/ORDERS-0013-BOUNCE-row1063-ledger-reconcile-W4-B.md
2026-09-22T23:56:29Z	swarm-worker-W6-B	row1050	dispatched	${SWARM_PERSIST_DIR}/harness-work/PLAN-2040/ORDERS-0013-BOUNCE-row1050-crypto-token-signature-W6-B.md
2026-09-22T23:56:36Z	swarm-worker-W7-A	row1016	dispatched	${SWARM_PERSIST_DIR}/harness-work/PLAN-2040/ORDERS-0013-BOUNCE-row1016-lockfree-bulk-ingest-staging-W7-A.md
2026-09-22T23:56:42Z	swarm-worker-W9-B	row1037	dispatched	${SWARM_PERSIST_DIR}/harness-work/PLAN-2040/ORDERS-0013-BOUNCE-row1037-shell-autocompletion-W9-B.md
2026-09-22T23:56:49Z	swarm-worker-W4-B	row1078-secretscan	done	/home/mboyle/swarm-cuts/cut/row1078-network-event-log-reduction/DONE.md	W4-B reported DONE 23:21Z+23:37Z (74297cad); ledger closed by PM (H699)
2026-09-23T00:02:25Z	swarm-worker-W3-A	row1051	dispatched	${SWARM_PERSIST_DIR}/harness-work/PLAN-2040/ORDERS-0014-BOUNCE-row1051-frontend-reactive-react19-tailwind4-W3-A.md
2026-09-23T00:02:31Z	swarm-worker-W9-A	row1022	dispatched	${SWARM_PERSIST_DIR}/harness-work/PLAN-2040/ORDERS-0014-BOUNCE-row1022-acyclic-imports-W9-A.md
2026-09-23T00:03:01Z	swarm-worker-W4-B	row1063	done	${SWARM_PERSIST_DIR}/harness-work/PLAN-2040/ORDERS-0013-BOUNCE-row1063-ledger-reconcile-W4-B.md
2026-09-23T00:03:15Z	swarm-worker-W7-A	row1056	dispatched	${SWARM_PERSIST_DIR}/harness-work/PLAN-2040/ORDERS-0015-BOUNCE-row1056-W7A.md
2026-09-23T00:03:15Z	swarm-worker-W7-A	row1016	done	${SWARM_PERSIST_DIR}/harness-work/PLAN-2040/RULING-0015-row1016-R2-IS-THE-CUT.md	bounce withdrawn RULING-0015
2026-09-23T00:06:01Z	swarm-worker-W6-B	row1050	done	${SWARM_PERSIST_DIR}/harness-work/PLAN-2040/ORDERS-0013-BOUNCE-row1050-crypto-token-signature-W6-B.md
2026-09-23T00:09:01Z	swarm-worker-W9-A	row1022	done	${SWARM_PERSIST_DIR}/harness-work/PLAN-2040/ORDERS-0014-BOUNCE-row1022-acyclic-imports-W9-A.md
2026-09-23T00:09:01Z	swarm-worker-W9-B	row1037	done	${SWARM_PERSIST_DIR}/harness-work/PLAN-2040/ORDERS-0013-BOUNCE-row1037-shell-autocompletion-W9-B.md
2026-09-23T00:12:37Z	swarm-worker-W4-B	row1061	dispatched	${SWARM_PERSIST_DIR}/harness-work/PLAN-2040/ORDERS-0017-BOUNCE-row1061-opentelemetry-durable-trace-spans-W4-B.md
2026-09-23T00:12:43Z	swarm-worker-W6-B	row1065	dispatched	${SWARM_PERSIST_DIR}/harness-work/PLAN-2040/ORDERS-0017-BOUNCE-row1065-multi-homed-egress-failover-W6-B.md
2026-09-23T00:12:49Z	swarm-worker-W9-B	row1076	dispatched	${SWARM_PERSIST_DIR}/harness-work/PLAN-2040/ORDERS-0017-BOUNCE-row1076-postcrash-blackbox-snapshotter-W9-B.md
2026-09-23T00:15:01Z	swarm-worker-W1-A	row1046	done	${SWARM_PERSIST_DIR}/harness-work/PLAN-2040/ORDERS-0013-BOUNCE-row1046-W1A.md
2026-09-23T00:16:02Z	swarm-worker-W2-B	row1064	done	${SWARM_PERSIST_DIR}/harness-work/PLAN-2040/ORDERS-0013-BOUNCE-row1064-W2B.md (H514 DONE.md present)
2026-09-23T00:18:01Z	swarm-worker-W7-A	row1056	done	${SWARM_PERSIST_DIR}/harness-work/PLAN-2040/ORDERS-0015-BOUNCE-row1056-W7A.md
2026-09-23T00:21:49Z	swarm-worker-W1-A	row982	dispatched	${SWARM_PERSIST_DIR}/harness-work/PLAN-2040/ORDERS-0020-BOUNCE-row982-buffer-ring-pool-W1-A.md
2026-09-23T00:21:55Z	swarm-worker-W2-B	row988	dispatched	${SWARM_PERSIST_DIR}/harness-work/PLAN-2040/ORDERS-0020-BOUNCE-row988-terminal-drift-W2-B.md
2026-09-23T00:22:00Z	swarm-worker-W7-A	row993	dispatched	${SWARM_PERSIST_DIR}/harness-work/PLAN-2040/ORDERS-0020-BOUNCE-row993-memory-page-fault-telemetry-W7-A.md
2026-09-23T00:26:02Z	swarm-worker-W3-A	row1051	done	${SWARM_PERSIST_DIR}/harness-work/PLAN-2040/ORDERS-0014-BOUNCE-row1051-frontend-reactive-react19-tailwind4-W3-A.md (H514 DONE.md present)
2026-09-23T00:32:59Z	swarm-worker-W5-A	row1066	dispatched	${SWARM_PERSIST_DIR}/harness-work/PLAN-2040/ORDERS-0022-BOUNCE-row1066-W5A.md
2026-09-23T00:33:01Z	swarm-worker-W9-B	row1076	done	${SWARM_PERSIST_DIR}/harness-work/PLAN-2040/ORDERS-0017-BOUNCE-row1076-postcrash-blackbox-snapshotter-W9-B.md
2026-09-23T00:33:05Z	swarm-worker-W9-A	row1049	dispatched	${SWARM_PERSIST_DIR}/harness-work/PLAN-2040/ORDERS-0022-BOUNCE-row1049-W9-A.md
2026-09-23T00:33:11Z	swarm-worker-W10-B	row1068	dispatched	${SWARM_PERSIST_DIR}/harness-work/PLAN-2040/ORDERS-0022-BOUNCE-row1068-ledger-partition-sharding-W10-B.md
2026-09-23T00:36:01Z	swarm-worker-W4-B	row1061	done	${SWARM_PERSIST_DIR}/harness-work/PLAN-2040/ORDERS-0017-BOUNCE-row1061-opentelemetry-durable-trace-spans-W4-B.md (H514 DONE.md present)
2026-09-23T00:36:01Z	swarm-worker-W6-B	row1065	done	${SWARM_PERSIST_DIR}/harness-work/PLAN-2040/ORDERS-0017-BOUNCE-row1065-multi-homed-egress-failover-W6-B.md (H514 DONE.md present)
2026-09-23T00:42:01Z	swarm-worker-W9-A	row1049	done	${SWARM_PERSIST_DIR}/harness-work/PLAN-2040/ORDERS-0022-BOUNCE-row1049-W9-A.md
2026-09-23T00:45:30Z	swarm-worker-W8-B	row1008	dispatched	${SWARM_PERSIST_DIR}/harness-work/PLAN-2040/ORDERS-0025-BOUNCE-row1008-stale-dns-cache-W8-B.md
2026-09-23T00:45:36Z	swarm-worker-W4-B	row1000	dispatched	${SWARM_PERSIST_DIR}/harness-work/PLAN-2040/ORDERS-0025-BOUNCE-row1000-wal-torn-write-W4-B.md
2026-09-23T00:45:42Z	swarm-worker-W9-B	row1018	dispatched	${SWARM_PERSIST_DIR}/harness-work/PLAN-2040/ORDERS-0025-BOUNCE-row1018-sqlalchemy2-async-cutover-W9-B.md
2026-09-23T00:46:01Z	swarm-worker-W2-B	row988	done	${SWARM_PERSIST_DIR}/harness-work/PLAN-2040/ORDERS-0020-BOUNCE-row988-terminal-drift-W2-B.md (H514 DONE.md present)
2026-09-23T00:46:02Z	swarm-worker-W7-A	row993	done	${SWARM_PERSIST_DIR}/harness-work/PLAN-2040/ORDERS-0020-BOUNCE-row993-memory-page-fault-telemetry-W7-A.md (H514 DONE.md present)
2026-09-23T00:46:02Z	swarm-worker-W1-A	row982	done	${SWARM_PERSIST_DIR}/harness-work/PLAN-2040/ORDERS-0020-BOUNCE-row982-buffer-ring-pool-W1-A.md (H514 DONE.md present)
2026-09-23T00:48:01Z	swarm-worker-W9-B	row1018	done	${SWARM_PERSIST_DIR}/harness-work/PLAN-2040/ORDERS-0025-BOUNCE-row1018-sqlalchemy2-async-cutover-W9-B.md
2026-09-23T00:53:58Z	swarm-worker-W7-A	row1034	dispatched	${SWARM_PERSIST_DIR}/harness-work/PLAN-2040/ORDERS-0026-BOUNCE-row1034-config-dryrun-W7-A.md
2026-09-23T00:54:06Z	swarm-worker-W9-A	row1022	dispatched	${SWARM_PERSIST_DIR}/harness-work/PLAN-2040/ORDERS-0026-BOUNCE-row1022-acyclic-imports-W9-A.md
2026-09-23T00:54:12Z	swarm-worker-W3-A	row995	dispatched	${SWARM_PERSIST_DIR}/harness-work/PLAN-2040/ORDERS-0026-BOUNCE-row995-thread-context-switch-affinity-telemetry-W3-A.md
2026-09-23T00:54:18Z	swarm-worker-W2-B	row1023	dispatched	${SWARM_PERSIST_DIR}/harness-work/PLAN-2040/ORDERS-0026-BOUNCE-row1023-exception-taxonomy-W2-B.md
2026-09-23T00:54:24Z	swarm-worker-W10-B	row1029	dispatched	${SWARM_PERSIST_DIR}/harness-work/PLAN-2040/ORDERS-0026-BOUNCE-row1029-adaptive-gc-W10-B.md
2026-09-23T00:54:31Z	swarm-worker-W9-B	row1007	dispatched	${SWARM_PERSIST_DIR}/harness-work/PLAN-2040/ORDERS-0026-BOUNCE-row1007-tls-session-ticket-caching-W9-B.md
2026-09-23T00:56:01Z	swarm-worker-W5-A	row1066	done	${SWARM_PERSIST_DIR}/harness-work/PLAN-2040/ORDERS-0022-BOUNCE-row1066-W5A.md (H514 DONE.md present)
2026-09-23T00:56:02Z	swarm-worker-W10-B	row1068	done	${SWARM_PERSIST_DIR}/harness-work/PLAN-2040/ORDERS-0022-BOUNCE-row1068-ledger-partition-sharding-W10-B.md (H514 DONE.md present)
2026-09-23T01:03:01Z	swarm-worker-W8-B	row1008	done	${SWARM_PERSIST_DIR}/harness-work/PLAN-2040/ORDERS-0025-BOUNCE-row1008-stale-dns-cache-W8-B.md
2026-09-23T01:03:21Z	swarm-worker-W6-B	row1057-rehome	dispatched	${SWARM_PERSIST_DIR}/harness-work/PLAN-2040/ORDERS-0029-row1057-REHOME-W6B.md
2026-09-23T01:06:02Z	swarm-worker-W4-B	row1000	done	${SWARM_PERSIST_DIR}/harness-work/PLAN-2040/ORDERS-0025-BOUNCE-row1000-wal-torn-write-W4-B.md (H514 DONE.md present)
2026-09-23T01:09:01Z	swarm-worker-W9-A	row1022	done	${SWARM_PERSIST_DIR}/harness-work/PLAN-2040/ORDERS-0026-BOUNCE-row1022-acyclic-imports-W9-A.md
2026-09-23T01:09:01Z	swarm-worker-W9-B	row1007	done	${SWARM_PERSIST_DIR}/harness-work/PLAN-2040/ORDERS-0026-BOUNCE-row1007-tls-session-ticket-caching-W9-B.md
2026-09-23T01:16:01Z	swarm-worker-W2-B	row1023	done	${SWARM_PERSIST_DIR}/harness-work/PLAN-2040/ORDERS-0026-BOUNCE-row1023-exception-taxonomy-W2-B.md (H514 DONE.md present)
2026-09-23T01:16:01Z	swarm-worker-W7-A	row1034	done	${SWARM_PERSIST_DIR}/harness-work/PLAN-2040/ORDERS-0026-BOUNCE-row1034-config-dryrun-W7-A.md (H514 DONE.md present)
2026-09-23T01:16:02Z	swarm-worker-W3-A	row995	done	${SWARM_PERSIST_DIR}/harness-work/PLAN-2040/ORDERS-0026-BOUNCE-row995-thread-context-switch-affinity-telemetry-W3-A.md (H514 DONE.md present)
2026-09-23T01:16:02Z	swarm-worker-W10-B	row1029	done	${SWARM_PERSIST_DIR}/harness-work/PLAN-2040/ORDERS-0026-BOUNCE-row1029-adaptive-gc-W10-B.md (H514 DONE.md present)
2026-09-23T01:26:02Z	swarm-worker-W6-B	row1057-rehome	started	${SWARM_PERSIST_DIR}/harness-work/PLAN-2040/ORDERS-0029-row1057-REHOME-W6B.md
2026-09-23T01:42:11Z	swarm-worker-W7-A	row1012	dispatched	${SWARM_PERSIST_DIR}/harness-work/PLAN-2040/ORDERS-0038-BOUNCE-row1012-W7A.md
2026-09-23T01:52:37Z	swarm-worker-W3-A	row999	dispatched	${SWARM_PERSIST_DIR}/harness-work/PLAN-2040/ORDERS-0043-BOUNCE-row999-merkle-validator-W3-A.md
2026-09-23T01:52:43Z	swarm-worker-W4-B	row972	dispatched	${SWARM_PERSIST_DIR}/harness-work/PLAN-2040/ORDERS-0043-BOUNCE-row972-gui-control-swarm-http-proxy-W4-B.md
2026-09-23T01:54:01Z	swarm-worker-W7-A	row1012	done	${SWARM_PERSIST_DIR}/harness-work/PLAN-2040/ORDERS-0038-BOUNCE-row1012-W7A.md
2026-09-23T02:00:01Z	swarm-worker-W4-B	row972	done	${SWARM_PERSIST_DIR}/harness-work/PLAN-2040/ORDERS-0043-BOUNCE-row972-gui-control-swarm-http-proxy-W4-B.md
2026-09-23T02:05:22Z	swarm-worker-W8-B	row993	dispatched	${SWARM_PERSIST_DIR}/harness-work/PLAN-2040/ORDERS-0044-BOUNCE-row993-memory-page-fault-telemetry-W8-B.md
2026-09-23T02:05:28Z	swarm-worker-W4-B	row1000	dispatched	${SWARM_PERSIST_DIR}/harness-work/PLAN-2040/ORDERS-0044-BOUNCE-row1000-wal-torn-write-W4-B.md
2026-09-23T02:05:34Z	swarm-worker-W6-B	row1076	dispatched	${SWARM_PERSIST_DIR}/harness-work/PLAN-2040/ORDERS-0044-BOUNCE-row1076-postcrash-blackbox-snapshotter-W6-B.md
2026-09-23T02:05:40Z	swarm-worker-W1-A	row987	dispatched	${SWARM_PERSIST_DIR}/harness-work/PLAN-2040/ORDERS-0044-BOUNCE-row987-error-advisor-W1-A.md
2026-09-23T02:05:49Z	swarm-worker-W9-A	row1036	dispatched	${SWARM_PERSIST_DIR}/harness-work/PLAN-2040/ORDERS-0044-BOUNCE-row1036-profile-context-switcher-W9-A.md
2026-09-23T02:08:27Z	swarm-worker-W2-B	row1074	dispatched	${SWARM_PERSIST_DIR}/harness-work/PLAN-2040/ORDERS-0045-TAKEOVER-row1074-ebpf-memory-arena-compactor-W2-B.md
2026-09-23T02:08:33Z	swarm-worker-W5-A	row1007	dispatched	${SWARM_PERSIST_DIR}/harness-work/PLAN-2040/ORDERS-0045-TAKEOVER-row1007-tls-session-ticket-caching-W5-A.md
2026-09-23T02:10:12Z	swarm-worker-W7-A	row1051	dispatched	${SWARM_PERSIST_DIR}/harness-work/PLAN-2040/ORDERS-0047-BOUNCE-row1051-frontend-reactive-react19-tailwind4-W7-A.md
2026-09-23T02:15:01Z	swarm-worker-W8-B	row993	done	${SWARM_PERSIST_DIR}/harness-work/PLAN-2040/ORDERS-0044-BOUNCE-row993-memory-page-fault-telemetry-W8-B.md
2026-09-23T02:16:01Z	swarm-worker-W3-A	row999	done	${SWARM_PERSIST_DIR}/harness-work/PLAN-2040/ORDERS-0043-BOUNCE-row999-merkle-validator-W3-A.md (H514 DONE.md present)
2026-09-23T02:17:40Z	swarm-fixer-A	fixer-rows-A	dispatched	${SWARM_PERSIST_DIR}/harness-work/PLAN-2040/ORDERS-0050-FIXER-ROWS.md
2026-09-23T02:17:46Z	swarm-fixer-B	fixer-rows-B	dispatched	${SWARM_PERSIST_DIR}/harness-work/PLAN-2040/ORDERS-0050-FIXER-ROWS.md
2026-09-23T02:21:01Z	swarm-worker-W2-B	row1074	done	${SWARM_PERSIST_DIR}/harness-work/PLAN-2040/ORDERS-0045-TAKEOVER-row1074-ebpf-memory-arena-compactor-W2-B.md
2026-09-23T02:21:01Z	swarm-worker-W9-A	row1036	done	${SWARM_PERSIST_DIR}/harness-work/PLAN-2040/ORDERS-0044-BOUNCE-row1036-profile-context-switcher-W9-A.md
2026-09-23T02:26:01Z	swarm-worker-W4-B	row1000	done	${SWARM_PERSIST_DIR}/harness-work/PLAN-2040/ORDERS-0044-BOUNCE-row1000-wal-torn-write-W4-B.md (H514 DONE.md present)
2026-09-23T02:26:01Z	swarm-worker-W5-A	row1007	done	${SWARM_PERSIST_DIR}/harness-work/PLAN-2040/ORDERS-0045-TAKEOVER-row1007-tls-session-ticket-caching-W5-A.md (H514 DONE.md present)
2026-09-23T02:26:01Z	swarm-worker-W1-A	row987	gone	${SWARM_PERSIST_DIR}/harness-work/PLAN-2040/ORDERS-0044-BOUNCE-row987-error-advisor-W1-A.md
2026-09-23T02:26:01Z	swarm-worker-W6-B	row1076	done	${SWARM_PERSIST_DIR}/harness-work/PLAN-2040/ORDERS-0044-BOUNCE-row1076-postcrash-blackbox-snapshotter-W6-B.md (H514 DONE.md present)
2026-09-23T02:26:01Z	swarm-worker-W7-A	row1051	gone	${SWARM_PERSIST_DIR}/harness-work/PLAN-2040/ORDERS-0047-BOUNCE-row1051-frontend-reactive-react19-tailwind4-W7-A.md
2026-09-23T02:36:15Z	swarm-worker-W6-B	row1057-rehome	resent	${SWARM_PERSIST_DIR}/harness-work/PLAN-2040/ORDERS-0029-row1057-REHOME-W6B.md
2026-09-23T02:36:20Z	swarm-fixer-A	fixer-rows-A	started	${SWARM_PERSIST_DIR}/harness-work/PLAN-2040/ORDERS-0050-FIXER-ROWS.md
2026-09-23T02:36:20Z	swarm-fixer-B	fixer-rows-B	started	${SWARM_PERSIST_DIR}/harness-work/PLAN-2040/ORDERS-0050-FIXER-ROWS.md
2026-09-23T02:56:02Z	swarm-worker-W6-B	row1057-rehome	escalated	${SWARM_PERSIST_DIR}/harness-work/PLAN-2040/ORDERS-0029-row1057-REHOME-W6B.md
2026-09-23T03:03:01Z	swarm-worker-W1-A	row987	done	${SWARM_PERSIST_DIR}/harness-work/PLAN-2040/ORDERS-0044-BOUNCE-row987-error-advisor-W1-A.md
2026-09-23T03:25:21Z	swarm-worker-W4-B	row1010	dispatched	${SWARM_PERSIST_DIR}/harness-work/PLAN-2040/ORDERS-0062-BOUNCE-row1010-segregated-connection-pools-W4-B.md
2026-09-23T03:25:26Z	swarm-worker-W5-A	row1019	dispatched	${SWARM_PERSIST_DIR}/harness-work/PLAN-2040/ORDERS-0062-BOUNCE-row1019-async-object-storage-W5-A.md
2026-09-23T03:25:32Z	swarm-worker-W6-B	row1030	dispatched	${SWARM_PERSIST_DIR}/harness-work/PLAN-2040/ORDERS-0062-BOUNCE-row1030-shm-zero-copy-ipc-W6-B.md
2026-09-23T03:25:38Z	swarm-worker-W9-A	row1047	dispatched	${SWARM_PERSIST_DIR}/harness-work/PLAN-2040/ORDERS-0062-BOUNCE-row1047-textual-similarity-dedup-W9-A.md
2026-09-23T03:36:01Z	swarm-worker-W9-A	row1047	done	${SWARM_PERSIST_DIR}/harness-work/PLAN-2040/ORDERS-0062-BOUNCE-row1047-textual-similarity-dedup-W9-A.md
2026-09-23T03:39:01Z	swarm-worker-W5-A	row1019	done	${SWARM_PERSIST_DIR}/harness-work/PLAN-2040/ORDERS-0062-BOUNCE-row1019-async-object-storage-W5-A.md
2026-09-23T03:39:01Z	swarm-worker-W6-B	row1030	done	${SWARM_PERSIST_DIR}/harness-work/PLAN-2040/ORDERS-0062-BOUNCE-row1030-shm-zero-copy-ipc-W6-B.md
2026-09-23T03:42:01Z	swarm-worker-W4-B	row1010	done	${SWARM_PERSIST_DIR}/harness-work/PLAN-2040/ORDERS-0062-BOUNCE-row1010-segregated-connection-pools-W4-B.md
2026-09-23T04:03:06Z	swarm-worker-W4-B	row1054	dispatched	${SWARM_PERSIST_DIR}/harness-work/PLAN-2040/ORDERS-0062-BOUNCE-row1054-cluster-topology-interconnect-map-W4-B.md
2026-09-23T04:18:01Z	swarm-worker-W4-B	row1054	done	${SWARM_PERSIST_DIR}/harness-work/PLAN-2040/ORDERS-0062-BOUNCE-row1054-cluster-topology-interconnect-map-W4-B.md
2026-09-23T04:18:23Z	swarm-trainer-N-A	ci-rework-r4	dispatched	${SWARM_PERSIST_DIR}/harness-work/PLAN-2040/ORDERS-0066-TRAINER-FRESH-R4.md
2026-09-23T04:36:01Z	swarm-trainer-N-A	ci-rework-r4	started	${SWARM_PERSIST_DIR}/harness-work/PLAN-2040/ORDERS-0066-TRAINER-FRESH-R4.md
2026-09-23T04:42:01Z	swarm-worker-W7-A	row1051	done	${SWARM_PERSIST_DIR}/harness-work/PLAN-2040/ORDERS-0047-BOUNCE-row1051-frontend-reactive-react19-tailwind4-W7-A.md
2026-09-23T04:56:02Z	swarm-integrator-S-A	T66-T69	dispatched	${SWARM_PERSIST_DIR}/harness-work/PLAN-2040/ORDERS-0069-S-A-FRESH.md
2026-09-23T05:10:28Z	swarm-worker-W4-B	row976	dispatched	${SWARM_PERSIST_DIR}/harness-work/PLAN-2040/ORDERS-0070-BOUNCE-row976-jemalloc-profile-W4-B.md
2026-09-23T05:16:03Z	swarm-integrator-S-A	T66-T69	started	${SWARM_PERSIST_DIR}/harness-work/PLAN-2040/ORDERS-0069-S-A-FRESH.md
2026-09-23T05:22:59Z	swarm-integrator-R-B	T70-T71	dispatched	${SWARM_PERSIST_DIR}/harness-work/PLAN-2040/ORDERS-0072-R-B-FRESH-T71.md
2026-09-23T05:24:01Z	swarm-worker-W4-B	row976	done	${SWARM_PERSIST_DIR}/harness-work/PLAN-2040/ORDERS-0070-BOUNCE-row976-jemalloc-profile-W4-B.md
2026-09-23T05:36:10Z	swarm-trainer-N-A	ci-rework-r4	resent	${SWARM_PERSIST_DIR}/harness-work/PLAN-2040/ORDERS-0066-TRAINER-FRESH-R4.md
2026-09-23T05:46:03Z	swarm-integrator-R-B	T70-T71	started	${SWARM_PERSIST_DIR}/harness-work/PLAN-2040/ORDERS-0072-R-B-FRESH-T71.md
2026-09-23T05:56:02Z	swarm-trainer-N-A	ci-rework-r4	done	${SWARM_PERSIST_DIR}/harness-work/PLAN-2040/ORDERS-0066-TRAINER-FRESH-R4.md (H514 DONE.md present)
2026-09-23T06:32:55Z	swarm-integrator-S-A	T68	dispatched	${SWARM_PERSIST_DIR}/harness-work/PLAN-2040/ORDERS-0075-S-A-FRESH2.md
2026-09-23T06:56:01Z	swarm-integrator-S-A	T68	started	${SWARM_PERSIST_DIR}/harness-work/PLAN-2040/ORDERS-0075-S-A-FRESH2.md
2026-09-23T08:06:10Z	swarm-integrator-S-A	T68	resent	${SWARM_PERSIST_DIR}/harness-work/PLAN-2040/ORDERS-0075-S-A-FRESH2.md
2026-09-23T08:26:01Z	swarm-integrator-S-A	T68	started	${SWARM_PERSIST_DIR}/harness-work/PLAN-2040/ORDERS-0075-S-A-FRESH2.md
2026-09-23T09:46:10Z	swarm-integrator-S-A	T68	resent	${SWARM_PERSIST_DIR}/harness-work/PLAN-2040/ORDERS-0075-S-A-FRESH2.md
2026-09-23T09:47:47Z	swarm-integrator-S-A	T68	done	${SWARM_PERSIST_DIR}/landing/LANDED-TRAIN68-259f8a11-AUTO.md
2026-09-23T10:16:10Z	swarm-integrator-R-B	T70-T71	resent	${SWARM_PERSIST_DIR}/harness-work/PLAN-2040/ORDERS-0072-R-B-FRESH-T71.md
2026-09-23T10:16:20Z	swarm-integrator-R-B	T70-T71	done	${SWARM_PERSIST_DIR}/landing/LANDED-TRAIN71-7442c4a1-AUTO.md (T70 a7e729c8 + T71 7442c4a1 landed; stale ledger row, closed by swarm-integrator-R-B)
2026-09-23T10:56:09Z	swarm-fixer-B	fixer-rows-B	resent	${SWARM_PERSIST_DIR}/harness-work/PLAN-2040/ORDERS-0050-FIXER-ROWS.md
2026-09-23T11:16:02Z	swarm-fixer-B	fixer-rows-B	escalated	${SWARM_PERSIST_DIR}/harness-work/PLAN-2040/ORDERS-0050-FIXER-ROWS.md
2026-09-23T11:26:01Z	swarm-fixer-A	fixer-rows-A	done	${SWARM_PERSIST_DIR}/harness-work/PLAN-2040/ORDERS-0050-FIXER-ROWS.md (H514 DONE.md present)
2026-09-23T12:06:09Z	swarm-integrator-S-A	T66-T69	resent	${SWARM_PERSIST_DIR}/harness-work/PLAN-2040/ORDERS-0069-S-A-FRESH.md
2026-09-23T12:26:02Z	swarm-integrator-S-A	T66-T69	escalated	${SWARM_PERSIST_DIR}/harness-work/PLAN-2040/ORDERS-0069-S-A-FRESH.md
